year,month,day,order,country,session ID,page 1 (main category),page 2 (clothing model),colour,location,model photography,price,Avg Price,page
2008,4,1,1,29,1,1,A13,1,5,1,28,0,1
2008,4,1,2,29,1,1,A16,1,6,1,33,0,1
2008,4,1,3,29,1,2,B4,10,2,1,52,1,1
2008,4,1,4,29,1,2,B17,6,6,2,38,0,1
2008,4,1,5,29,1,2,B8,4,3,2,52,1,1
2008,4,1,6,29,1,3,C56,6,1,2,57,1,4
2008,4,1,7,29,1,3,C57,5,1,2,33,0,4
2008,4,1,8,29,1,4,P67,9,5,1,38,1,4
2008,4,1,9,29,1,4,P82,6,4,2,48,1,5
2008,4,1,1,29,2,2,B31,9,5,1,57,1,2
2008,4,1,2,29,2,2,B21,12,1,1,67,1,2
2008,4,1,3,29,2,2,B24,11,2,1,57,1,2
2008,4,1,4,29,2,2,B27,2,3,1,57,1,2
2008,4,1,5,29,2,1,A10,3,4,1,38,0,1
2008,4,1,6,29,2,1,A10,3,4,1,38,0,1
2008,4,1,7,29,2,2,B27,2,3,1,57,1,2
2008,4,1,8,29,2,4,P1,3,1,1,38,1,1
2008,4,1,9,29,2,4,P34,9,6,2,48,1,2
2008,4,1,10,29,2,4,P33,9,5,1,43,1,2
2008,4,1,1,21,3,2,B17,6,6,2,38,0,1
2008,4,1,2,21,3,3,C4,4,2,1,48,1,1
2008,4,1,3,21,3,3,C7,13,3,1,48,1,1
2008,4,1,4,21,3,3,C10,9,4,2,28,0,1
2008,4,1,5,21,3,3,C17,14,6,1,48,1,1
2008,4,1,6,21,3,4,P77,7,2,1,43,1,5
2008,4,1,4,9,477,1,A15,14,5,2,33,0,1
2008,4,2,1,29,478,3,C5,11,2,1,48,1,1
2008,4,2,2,29,478,3,C17,14,6,1,48,1,1
2008,4,2,3,29,478,3,C12,14,4,1,43,1,1
2008,4,2,4,29,478,3,C2,12,1,1,43,1,1
2008,4,2,5,29,478,3,C1,4,1,2,28,0,1
2008,4,2,6,29,478,3,C2,12,1,1,43,1,1
2008,4,2,7,29,478,2,B13,12,5,2,62,1,1
2008,4,2,8,29,478,2,B16,12,6,1,52,1,1
2008,4,2,9,29,478,2,B11,2,4,1,43,0,1
2008,4,2,10,29,478,2,B14,2,5,1,62,1,1
2008,4,2,11,29,478,1,A8,3,3,1,62,1,1
2008,4,2,12,29,478,1,A15,14,5,2,33,0,1
2008,4,2,13,29,478,3,C1,4,1,2,28,0,1
2008,4,2,14,29,478,2,B16,12,6,1,52,1,1
2008,4,2,15,29,478,2,B15,9,5,1,38,0,1
2008,4,2,16,29,478,3,C17,14,6,1,48,1,1
2008,4,2,1,29,479,1,A5,3,2,1,43,0,1
2008,4,2,2,29,479,3,C29,6,4,2,52,1,2
2008,4,2,3,29,479,3,C56,6,1,2,57,1,4
2008,4,2,4,29,479,1,A42,6,2,1,28,0,3
2008,4,2,1,29,480,4,P16,7,6,1,33,0,1
2008,4,2,2,29,480,4,P33,9,5,1,43,1,2
2008,4,2,3,29,480,4,P49,14,5,1,33,0,3
2008,4,2,4,29,480,2,B10,2,4,1,67,1,1
2008,4,2,5,29,480,2,B13,12,5,2,62,1,1
2008,4,2,6,29,480,2,B15,9,5,1,38,0,1
2008,4,2,7,29,480,4,P16,7,6,1,33,0,1
2008,4,2,1,29,481,1,A4,3,2,2,38,0,1
2008,4,2,2,29,481,1,A14,3,5,1,60,1,1
2008,4,2,3,29,481,1,A20,2,1,2,38,0,2
2008,4,2,4,29,481,1,A22,4,2,1,62,1,2
2008,4,2,5,29,481,1,A27,3,3,1,55,1,2
2008,4,2,6,29,481,3,C17,14,6,1,48,1,1
2008,4,2,7,29,481,3,C22,11,2,2,43,1,2
2008,4,2,8,29,481,3,C38,13,1,1,38,0,3
2008,4,2,9,29,481,4,P3,2,1,1,48,1,1
2008,4,2,10,29,481,4,P42,6,2,2,28,0,3
2008,4,2,11,29,481,4,P57,4,1,1,43,1,4
2008,4,2,12,29,481,4,P61,1,3,2,28,0,4
2008,4,2,1,29,482,1,A12,2,4,1,38,0,1
2008,4,2,2,29,482,1,A5,3,2,1,43,0,1
2008,4,2,3,29,482,1,A6,3,2,1,43,0,1
2008,4,2,4,29,482,1,A3,3,1,1,72,1,1
2008,4,2,5,29,482,1,A5,3,2,1,43,0,1
2008,4,2,6,29,482,1,A10,3,4,1,38,0,1
2008,4,2,7,29,482,4,P1,3,1,1,38,1,1
2008,4,2,8,29,482,4,P2,3,1,1,28,0,1
2008,4,2,9,29,482,4,P27,6,3,2,33,0,2
2008,4,2,10,29,482,4,P56,2,1,1,33,0,4
2008,4,2,1,29,483,3,C17,14,6,1,48,1,1
2008,4,2,2,29,483,3,C7,13,3,1,48,1,1
2008,4,2,3,29,483,3,C56,6,1,2,57,1,4
2008,4,2,1,9,484,3,C2,12,1,1,43,1,1
2008,4,2,2,9,484,3,C4,4,2,1,48,1,1
2008,4,2,3,9,484,3,C24,12,2,1,33,0,2
2008,4,2,4,9,484,3,C25,2,3,1,33,0,2
2008,4,2,5,9,484,3,C30,2,4,2,28,0,2
2008,4,2,1,9,485,1,A21,1,1,1,62,1,2
2008,4,2,2,9,485,1,A26,2,3,1,38,0,2
2008,4,2,3,9,485,1,A41,4,2,1,43,0,3
2008,4,2,4,9,485,3,C2,12,1,1,43,1,1
2008,4,2,5,9,485,3,C7,13,3,1,48,1,1
2008,4,2,6,9,485,3,C8,2,3,2,48,1,1
2008,4,2,7,9,485,3,C14,9,5,1,23,0,1
2008,4,2,8,9,485,3,C17,14,6,1,48,1,1
2008,4,2,9,9,485,3,C24,12,2,1,33,0,2
2008,4,2,10,9,485,3,C29,6,4,2,52,1,2
2008,4,2,11,9,485,3,C35,9,6,1,50,1,2
2008,4,2,12,9,485,3,C40,14,2,2,28,0,3
2008,4,2,13,9,485,3,C48,6,4,1,28,0,3
2008,4,2,14,9,485,3,C46,2,4,1,48,1,3
2008,4,2,15,9,485,3,C49,4,5,2,26,0,3
2008,4,2,16,9,485,2,B1,4,1,1,57,1,1
2008,4,2,17,9,485,2,B31,9,5,1,57,1,2
2008,4,2,1,29,486,1,A4,3,2,2,38,0,1
2008,4,2,2,29,486,1,A6,3,2,1,43,0,1
2008,4,2,3,29,486,1,A15,14,5,2,33,0,1
2008,4,2,4,29,486,1,A12,2,4,1,38,0,1
2008,4,2,5,29,486,1,A25,1,3,1,38,0,2
2008,4,2,6,29,486,1,A31,6,5,2,62,1,2
2008,4,2,7,29,486,1,A42,6,2,1,28,0,3
2008,4,2,8,29,486,3,C20,13,1,2,48,1,2
2008,4,2,9,29,486,4,P82,6,4,2,48,1,5
2008,4,2,19,29,956,1,A30,6,4,1,38,0,2
2008,4,2,20,29,956,1,A27,3,3,1,55,1,2
2008,4,2,21,29,956,1,A33,1,5,1,38,0,2
2008,4,2,22,29,956,1,A38,6,1,1,62,1,3
2008,4,2,23,29,956,3,C33,14,5,1,48,1,2
2008,4,2,24,29,956,3,C29,6,4,2,52,1,2
2008,4,2,25,29,956,3,C23,3,2,1,43,1,2
2008,4,2,26,29,956,2,B1,4,1,1,57,1,1
2008,4,2,27,29,956,2,B4,10,2,1,52,1,1
2008,4,2,28,29,956,2,B33,6,5,2,33,0,2
2008,4,2,29,29,956,2,B27,2,3,1,57,1,2
2008,4,2,30,29,956,3,C8,2,3,2,48,1,1
2008,4,2,1,29,957,2,B13,12,5,2,62,1,1
2008,4,2,2,29,957,2,B17,6,6,2,38,0,1
2008,4,2,3,29,957,2,B21,12,1,1,67,1,2
2008,4,2,4,29,957,2,B23,7,2,1,38,0,2
2008,4,2,5,29,957,2,B32,6,5,1,38,0,2
2008,4,2,6,29,957,2,B24,11,2,1,57,1,2
2008,4,2,7,29,957,2,B26,13,3,1,57,1,2
2008,4,2,8,29,957,3,C24,12,2,1,33,0,2
2008,4,3,1,29,958,3,C14,9,5,1,23,0,1
2008,4,3,1,29,959,4,P1,3,1,1,38,1,1
2008,4,3,2,29,959,4,P2,3,1,1,28,0,1
2008,4,3,3,29,959,4,P3,2,1,1,48,1,1
2008,4,3,4,29,959,4,P50,6,5,2,33,0,3
2008,4,3,5,29,959,4,P49,14,5,1,33,0,3
2008,4,3,6,29,959,4,P63,14,3,2,28,0,4
2008,4,3,7,29,959,4,P71,2,6,2,33,0,4
2008,4,3,8,29,959,4,P65,9,4,2,43,1,4
2008,4,3,9,29,959,4,P70,6,6,2,38,1,4
2008,4,3,10,29,959,4,P39,14,1,1,43,1,3
2008,4,3,1,9,960,1,A2,3,1,1,43,0,1
2008,4,3,1,29,961,1,A7,3,3,1,43,0,1
2008,4,3,2,29,961,1,A20,2,1,2,38,0,2
2008,4,3,3,29,961,1,A2,3,1,1,43,0,1
2008,4,3,4,29,961,1,A32,2,5,1,38,0,2
2008,4,3,5,29,961,1,A41,4,2,1,43,0,3
2008,4,3,1,9,962,1,A15,14,5,2,33,0,1
2008,4,3,2,9,962,1,A15,14,5,2,33,0,1
2008,4,3,3,9,962,1,A17,2,6,1,62,1,1
2008,4,3,1,16,963,1,A1,8,1,1,28,0,1
2008,4,3,2,16,963,1,A2,3,1,1,43,0,1
2008,4,3,3,16,963,1,A3,3,1,1,72,1,1
2008,4,3,4,16,963,1,A9,3,3,1,82,1,1
2008,4,3,5,16,963,1,A5,3,2,1,43,0,1
2008,4,3,6,16,963,3,C9,6,3,1,48,1,1
2008,4,3,7,16,963,3,C7,13,3,1,48,1,1
2008,4,3,8,16,963,4,P11,4,4,2,38,1,1
2008,4,3,9,16,963,4,P3,2,1,1,48,1,1
2008,4,3,10,16,963,4,P23,6,2,2,28,0,2
2008,4,3,11,16,963,4,P39,14,1,1,43,1,3
2008,4,3,12,16,963,4,P43,7,3,2,38,1,3
2008,4,3,13,16,963,2,B3,12,1,1,52,1,1
2008,4,3,14,16,963,2,B2,3,1,2,57,1,1
2008,4,3,1,24,964,1,A15,14,5,2,33,0,1
2008,4,3,1,29,965,1,A7,3,3,1,43,0,1
2008,4,3,2,29,965,1,A15,14,5,2,33,0,1
2008,4,3,1,29,966,1,A10,3,4,1,38,0,1
2008,4,3,2,29,966,1,A10,3,4,1,38,0,1
2008,4,3,3,29,966,1,A12,2,4,1,38,0,1
2008,4,3,4,29,966,1,A10,3,4,1,38,0,1
2008,4,3,5,29,966,3,C3,6,1,2,23,0,1
2008,4,3,6,29,966,1,A10,3,4,1,38,0,1
2008,4,3,7,29,966,1,A1,8,1,1,28,0,1
2008,4,3,8,29,966,4,P23,6,2,2,28,0,2
2008,4,3,9,29,966,3,C7,13,3,1,48,1,1
2008,4,3,10,29,966,3,C30,2,4,2,28,0,2
2008,4,3,11,29,966,3,C25,2,3,1,33,0,2
2008,4,3,12,29,966,3,C48,6,4,1,28,0,3
2008,4,3,13,29,966,3,C50,9,5,2,20,0,3
2008,4,3,14,29,966,3,C35,9,6,1,50,1,2
2008,4,3,15,29,966,3,C24,12,2,1,33,0,2
2008,4,3,16,29,966,4,P4,4,2,1,38,1,1
2008,4,3,17,29,966,4,P1,3,1,1,38,1,1
2008,4,3,18,29,966,4,P1,3,1,1,38,1,1
2008,4,3,19,29,966,4,P14,2,5,2,38,1,1
2008,4,3,20,29,966,3,C24,12,2,1,33,0,2
2008,4,3,21,29,966,3,C25,2,3,1,33,0,2
2008,4,3,22,29,966,1,A10,3,4,1,38,0,1
2008,4,3,22,29,1226,3,C50,9,5,2,20,0,3
2008,4,3,23,29,1226,4,P4,4,2,1,38,1,1
2008,4,3,1,29,1227,1,A4,3,2,2,38,0,1
2008,4,3,1,29,1228,1,A13,1,5,1,28,0,1
2008,4,3,2,29,1228,1,A16,1,6,1,33,0,1
2008,4,3,3,29,1228,1,A33,1,5,1,38,0,2
2008,4,3,1,29,1229,2,B4,10,2,1,52,1,1
2008,4,3,2,29,1229,1,A10,3,4,1,38,0,1
2008,4,3,1,29,1230,4,P2,3,1,1,28,0,1
2008,4,3,1,29,1231,4,P12,4,4,1,33,0,1
2008,4,3,1,29,1232,1,A2,3,1,1,43,0,1
2008,4,3,2,29,1232,1,A15,14,5,2,33,0,1
2008,4,3,1,29,1233,2,B4,10,2,1,52,1,1
2008,4,4,1,29,1234,2,B6,2,2,1,52,1,1
2008,4,4,1,29,1235,4,P17,2,6,2,38,1,1
2008,4,4,2,29,1235,4,P63,14,3,2,28,0,4
2008,4,4,3,29,1235,4,P63,14,3,2,28,0,4
2008,4,4,4,29,1235,3,C53,14,6,1,38,0,3
2008,4,4,1,29,1236,2,B2,3,1,2,57,1,1
2008,4,4,2,29,1236,1,A27,3,3,1,55,1,2
2008,4,4,3,29,1236,1,A31,6,5,2,62,1,2
2008,4,4,4,29,1236,3,C11,7,4,1,33,0,1
2008,4,4,5,29,1236,3,C7,13,3,1,48,1,1
2008,4,4,6,29,1236,3,C16,13,6,1,28,0,1
2008,4,4,7,29,1236,3,C3,6,1,2,23,0,1
2008,4,4,8,29,1236,3,C29,6,4,2,52,1,2
2008,4,4,9,29,1236,3,C23,3,2,1,43,1,2
2008,4,4,10,29,1236,3,C33,14,5,1,48,1,2
2008,4,4,11,29,1236,3,C42,7,2,1,28,0,3
2008,4,4,12,29,1236,3,C49,4,5,2,26,0,3
2008,4,4,13,29,1236,3,C50,9,5,2,20,0,3
2008,4,4,14,29,1236,3,C58,14,2,2,48,1,4
2008,4,4,15,29,1236,3,C55,13,1,1,48,1,4
2008,4,4,16,29,1236,3,C56,6,1,2,57,1,4
2008,4,4,17,29,1236,4,P9,4,3,2,23,0,1
2008,4,4,18,29,1236,4,P44,11,3,2,28,0,3
2008,4,4,19,29,1236,4,P42,6,2,2,28,0,3
2008,4,4,20,29,1236,4,P46,14,4,1,28,0,3
2008,4,4,21,29,1236,4,P47,14,4,1,28,0,3
2008,4,4,22,29,1236,4,P48,9,4,2,33,0,3
2008,4,4,23,29,1236,4,P50,6,5,2,33,0,3
2008,4,4,24,29,1236,4,P51,9,5,1,28,0,3
2008,4,4,25,29,1236,4,P56,2,1,1,33,0,4
2008,4,4,26,29,1236,4,P72,14,6,1,33,0,4
2008,4,4,27,29,1236,4,P71,2,6,2,33,0,4
2008,4,4,28,29,1236,4,P82,6,4,2,48,1,5
2008,4,4,29,29,1236,4,P46,14,4,1,28,0,3
2008,4,4,1,29,1237,4,P15,4,5,2,38,1,1
2008,4,4,1,9,1238,2,B27,2,3,1,57,1,2
2008,4,4,2,9,1238,1,A10,3,4,1,38,0,1
2008,4,4,3,9,1238,1,A22,4,2,1,62,1,2
2008,4,4,4,9,1238,2,B1,4,1,1,57,1,1
2008,4,4,5,9,1238,2,B27,2,3,1,57,1,2
2008,4,4,6,9,1238,3,C5,11,2,1,48,1,1
2008,4,4,1,29,1239,1,A15,14,5,2,33,0,1
2008,4,4,1,29,1240,1,A2,3,1,1,43,0,1
2008,4,4,2,29,1240,1,A7,3,3,1,43,0,1
2008,4,4,3,29,1240,4,P2,3,1,1,28,0,1
2008,4,4,4,29,1240,2,B21,12,1,1,67,1,2
2008,4,4,1,29,1241,1,A20,2,1,2,38,0,2
2008,4,4,2,29,1241,1,A19,12,1,2,33,0,2
2008,4,4,3,29,1241,1,A18,4,6,1,38,0,1
2008,4,4,1,9,1242,2,B2,3,1,2,57,1,1
2008,4,4,2,9,1242,2,B6,2,2,1,52,1,1
2008,4,4,3,9,1242,2,B1,4,1,1,57,1,1
2008,4,4,4,9,1242,2,B3,12,1,1,52,1,1
2008,4,4,5,9,1242,2,B3,12,1,1,52,1,1
2008,4,4,1,29,1243,3,C5,11,2,1,48,1,1
2008,4,4,1,29,1244,3,C5,11,2,1,48,1,1
2008,4,4,2,29,1244,1,A10,3,4,1,38,0,1
2008,4,4,3,29,1244,3,C25,2,3,1,33,0,2
2008,4,4,4,29,1244,3,C48,6,4,1,28,0,3
2008,4,4,5,29,1244,3,C47,13,4,2,18,0,3
2008,4,4,6,29,1244,3,C24,12,2,1,33,0,2
2008,4,4,7,29,1244,2,B13,12,5,2,62,1,1
2008,4,4,8,29,1244,2,B14,2,5,1,62,1,1
2008,4,4,9,29,1244,3,C4,4,2,1,48,1,1
2008,4,4,10,29,1244,3,C3,6,1,2,23,0,1
2008,4,4,11,29,1244,3,C7,13,3,1,48,1,1
2008,4,4,12,29,1244,3,C15,6,5,1,33,0,1
2008,4,4,13,29,1244,3,C9,6,3,1,48,1,1
2008,4,4,14,29,1244,3,C17,14,6,1,48,1,1
2008,4,4,15,29,1244,3,C25,2,3,1,33,0,2
2008,4,4,16,29,1244,3,C25,2,3,1,33,0,2
2008,4,4,17,29,1244,3,C29,6,4,2,52,1,2
2008,4,4,18,29,1244,3,C20,13,1,2,48,1,2
2008,4,4,19,29,1244,1,A9,3,3,1,82,1,1
2008,4,4,20,29,1244,1,A10,3,4,1,38,0,1
2008,4,4,21,29,1244,1,A16,1,6,1,33,0,1
2008,4,4,1,29,1245,1,A10,3,4,1,38,0,1
2008,4,4,2,29,1245,1,A2,3,1,1,43,0,1
2008,4,4,3,29,1245,1,A8,3,3,1,62,1,1
2008,4,4,4,29,1245,3,C5,11,2,1,48,1,1
2008,4,4,5,29,1245,3,C13,9,5,1,48,1,1
2008,4,4,6,29,1245,2,B15,9,5,1,38,0,1
2008,4,4,7,29,1245,1,A31,6,5,2,62,1,2
2008,4,5,5,29,1689,1,A11,3,4,1,62,1,1
2008,4,5,6,29,1689,1,A10,3,4,1,38,0,1
2008,4,5,1,29,1690,1,A1,8,1,1,28,0,1
2008,4,5,2,29,1690,1,A1,8,1,1,28,0,1
2008,4,5,3,29,1690,1,A2,3,1,1,43,0,1
2008,4,5,4,29,1690,1,A5,3,2,1,43,0,1
2008,4,5,5,29,1690,1,A6,3,2,1,43,0,1
2008,4,5,6,29,1690,1,A8,3,3,1,62,1,1
2008,4,5,7,29,1690,1,A12,2,4,1,38,0,1
2008,4,5,8,29,1690,1,A16,1,6,1,33,0,1
2008,4,5,9,29,1690,3,C3,6,1,2,23,0,1
2008,4,5,10,29,1690,3,C4,4,2,1,48,1,1
2008,4,5,11,29,1690,3,C10,9,4,2,28,0,1
2008,4,5,12,29,1690,3,C14,9,5,1,23,0,1
2008,4,5,13,29,1690,2,B2,3,1,2,57,1,1
2008,4,5,14,29,1690,2,B4,10,2,1,52,1,1
2008,4,5,15,29,1690,2,B15,9,5,1,38,0,1
2008,4,5,16,29,1690,4,P3,2,1,1,48,1,1
2008,4,5,17,29,1690,4,P17,2,6,2,38,1,1
2008,4,5,1,29,1691,4,P61,1,3,2,28,0,4
2008,4,5,1,28,1692,1,A9,3,3,1,82,1,1
2008,4,5,2,28,1692,3,C5,11,2,1,48,1,1
2008,4,5,1,28,1693,4,P4,4,2,1,38,1,1
2008,4,5,2,28,1693,4,P16,7,6,1,33,0,1
2008,4,5,3,28,1693,4,P3,2,1,1,48,1,1
2008,4,5,4,28,1693,4,P10,4,4,2,65,1,1
2008,4,5,1,9,1694,1,A10,3,4,1,38,0,1
2008,4,5,2,9,1694,1,A2,3,1,1,43,0,1
2008,4,5,3,9,1694,1,A5,3,2,1,43,0,1
2008,4,5,4,9,1694,1,A11,3,4,1,62,1,1
2008,4,5,5,9,1694,1,A14,3,5,1,60,1,1
2008,4,5,6,9,1694,1,A17,2,6,1,62,1,1
2008,4,5,7,9,1694,1,A18,4,6,1,38,0,1
2008,4,5,8,9,1694,1,A15,14,5,2,33,0,1
2008,4,5,9,9,1694,1,A16,1,6,1,33,0,1
2008,4,5,10,9,1694,2,B2,3,1,2,57,1,1
2008,4,5,11,9,1694,2,B23,7,2,1,38,0,2
2008,4,5,12,9,1694,1,A21,1,1,1,62,1,2
2008,4,5,1,9,1695,3,C14,9,5,1,23,0,1
2008,4,5,2,9,1695,3,C8,2,3,2,48,1,1
2008,4,5,3,9,1695,2,B1,4,1,1,57,1,1
2008,4,5,4,9,1695,2,B17,6,6,2,38,0,1
2008,4,5,5,9,1695,3,C37,2,1,1,43,1,3
2008,4,5,6,9,1695,3,C5,11,2,1,48,1,1
2008,4,5,7,9,1695,2,B15,9,5,1,38,0,1
2008,4,5,8,9,1695,2,B32,6,5,1,38,0,2
2008,4,5,9,9,1695,2,B32,6,5,1,38,0,2
2008,4,5,10,9,1695,3,C5,11,2,1,48,1,1
2008,4,5,11,9,1695,3,C5,11,2,1,48,1,1
2008,4,5,1,29,1696,2,B10,2,4,1,67,1,1
2008,4,5,2,29,1696,2,B12,2,4,1,38,0,1
2008,4,5,3,29,1696,2,B13,12,5,2,62,1,1
2008,4,5,1,29,1697,1,A21,1,1,1,62,1,2
2008,4,5,2,29,1697,1,A30,6,4,1,38,0,2
2008,4,5,3,29,1697,3,C13,9,5,1,48,1,1
2008,4,5,4,29,1697,3,C19,12,1,1,48,1,2
2008,4,5,5,29,1697,3,C53,14,6,1,38,0,3
2008,4,5,1,9,1698,1,A11,3,4,1,62,1,1
2008,4,5,2,9,1698,1,A16,1,6,1,33,0,1
2008,4,5,3,9,1698,1,A21,1,1,1,62,1,2
2008,4,6,1,29,1699,1,A15,14,5,2,33,0,1
2008,4,6,2,29,1699,1,A16,1,6,1,33,0,1
2008,4,6,3,29,1699,3,C21,14,1,1,57,1,2
2008,4,6,1,29,1700,1,A6,3,2,1,43,0,1
2008,4,6,2,29,1700,1,A10,3,4,1,38,0,1
2008,4,6,1,9,1701,3,C41,13,2,1,28,0,3
2008,4,6,2,9,1701,3,C41,13,2,1,28,0,3
2008,4,6,3,9,1701,1,A10,3,4,1,38,0,1
2008,4,6,1,29,1702,2,B4,10,2,1,52,1,1
2008,4,6,2,29,1702,2,B2,3,1,2,57,1,1
2008,4,6,3,29,1702,4,P2,3,1,1,28,0,1
2008,4,6,4,29,1702,4,P15,4,5,2,38,1,1
2008,4,6,5,29,1702,3,C16,13,6,1,28,0,1
2008,4,6,6,29,1702,3,C2,12,1,1,43,1,1
2008,4,6,7,29,1702,1,A36,1,6,1,33,0,2
2008,4,6,8,29,1702,1,A35,14,6,2,33,0,2
2008,4,6,9,29,1702,1,A42,6,2,1,28,0,3
2008,4,6,10,29,1702,3,C35,9,6,1,50,1,2
2008,4,6,1,9,1703,3,C49,4,5,2,26,0,3
2008,4,6,2,9,1703,3,C50,9,5,2,20,0,3
2008,4,6,3,9,1703,3,C2,12,1,1,43,1,1
2008,4,6,4,9,1703,3,C3,6,1,2,23,0,1
2008,4,6,5,9,1703,3,C3,6,1,2,23,0,1
2008,4,6,6,9,1703,3,C17,14,6,1,48,1,1
2008,4,6,7,9,1703,3,C23,3,2,1,43,1,2
2008,4,6,8,9,1703,1,A11,3,4,1,62,1,1
2008,4,6,9,9,1703,1,A6,3,2,1,43,0,1
2008,4,6,10,9,1703,1,A8,3,3,1,62,1,1
2008,4,6,11,9,1703,2,B4,10,2,1,52,1,1
2008,4,6,1,9,1704,2,B2,3,1,2,57,1,1
2008,4,6,2,9,1704,1,A4,3,2,2,38,0,1
2008,4,6,3,9,1704,1,A16,1,6,1,33,0,1
2008,4,6,4,9,1704,1,A21,1,1,1,62,1,2
2008,4,6,5,9,1704,1,A33,1,5,1,38,0,2
2008,4,6,1,29,1705,2,B30,9,4,1,57,1,2
2008,4,6,2,29,1705,2,B29,2,4,1,62,1,2
2008,4,6,3,29,1705,2,B25,6,3,1,38,0,2
2008,4,6,4,29,1705,1,A23,6,2,2,33,0,2
2008,4,6,5,29,1705,1,A31,6,5,2,62,1,2
2008,4,6,6,29,1705,1,A43,2,3,1,62,1,3
2008,4,6,7,29,1705,1,A41,4,2,1,43,0,3
2008,4,6,8,29,1705,4,P1,3,1,1,38,1,1
2008,4,6,9,29,1705,4,P15,4,5,2,38,1,1
2008,4,6,1,29,1706,4,P48,9,4,2,33,0,3
2008,4,6,2,29,1706,4,P73,11,1,2,33,0,5
2008,4,6,3,29,1706,3,C14,9,5,1,23,0,1
2008,4,6,1,19,1707,1,A15,14,5,2,33,0,1
2008,4,6,2,19,1707,4,P3,2,1,1,48,1,1
2008,4,6,3,19,1707,4,P14,2,5,2,38,1,1
2008,4,6,4,19,1707,4,P44,11,3,2,28,0,3
2008,4,6,5,19,1707,4,P47,14,4,1,28,0,3
2008,4,6,6,19,1707,4,P48,9,4,2,33,0,3
2008,4,6,7,19,1707,4,P49,14,5,1,33,0,3
2008,4,6,8,19,1707,4,P52,11,6,2,23,0,3
2008,4,6,9,19,1707,4,P50,6,5,2,33,0,3
2008,4,6,10,19,1707,4,P60,14,2,1,28,0,4
2008,4,6,11,19,1707,4,P55,14,1,2,33,0,4
2008,4,6,1,9,1708,3,C13,9,5,1,48,1,1
2008,4,6,2,9,1708,3,C7,13,3,1,48,1,1
2008,4,6,3,9,1708,3,C41,13,2,1,28,0,3
2008,4,6,4,9,1708,1,A22,4,2,1,62,1,2
2008,4,6,1,29,1709,1,A7,3,3,1,43,0,1
2008,4,6,1,9,1710,3,C40,14,2,2,28,0,3
2008,4,6,2,9,1710,1,A11,3,4,1,62,1,1
2008,4,6,3,9,1710,1,A29,2,4,1,60,1,2
2008,4,6,4,9,1710,1,A26,2,3,1,38,0,2
2008,4,6,5,9,1710,2,B4,10,2,1,52,1,1
2008,4,6,6,9,1710,2,B5,14,2,2,52,1,1
2008,4,6,1,42,1711,3,C38,13,1,1,38,0,3
2008,4,6,1,29,1712,1,A21,1,1,1,62,1,2
2008,4,6,1,29,1713,1,A31,6,5,2,62,1,2
2008,4,6,1,29,1714,1,A9,3,3,1,82,1,1
2008,4,6,5,29,1892,1,A30,6,4,1,38,0,2
2008,4,6,6,29,1892,1,A39,4,1,1,38,0,3
2008,4,6,7,29,1892,2,B30,9,4,1,57,1,2
2008,4,6,1,29,1893,2,B1,4,1,1,57,1,1
2008,4,6,2,29,1893,2,B4,10,2,1,52,1,1
2008,4,6,3,29,1893,2,B8,4,3,2,52,1,1
2008,4,6,4,29,1893,2,B16,12,6,1,52,1,1
2008,4,6,5,29,1893,1,A10,3,4,1,38,0,1
2008,4,6,6,29,1893,1,A16,1,6,1,33,0,1
2008,4,7,1,29,1894,4,P56,2,1,1,33,0,4
2008,4,7,2,29,1894,2,B26,13,3,1,57,1,2
2008,4,7,1,29,1895,1,A1,8,1,1,28,0,1
2008,4,7,2,29,1895,1,A12,2,4,1,38,0,1
2008,4,7,3,29,1895,1,A17,2,6,1,62,1,1
2008,4,7,4,29,1895,1,A32,2,5,1,38,0,2
2008,4,7,5,29,1895,3,C5,11,2,1,48,1,1
2008,4,7,6,29,1895,3,C1,4,1,2,28,0,1
2008,4,7,1,29,1896,2,B4,10,2,1,52,1,1
2008,4,7,2,29,1896,2,B10,2,4,1,67,1,1
2008,4,7,3,29,1896,2,B23,7,2,1,38,0,2
2008,4,7,4,29,1896,2,B21,12,1,1,67,1,2
2008,4,7,1,29,1897,2,B4,10,2,1,52,1,1
2008,4,7,1,9,1898,1,A34,2,6,1,38,0,2
2008,4,7,1,29,1899,1,A10,3,4,1,38,0,1
2008,4,7,2,29,1899,1,A4,3,2,2,38,0,1
2008,4,7,3,29,1899,1,A17,2,6,1,62,1,1
2008,4,7,4,29,1899,1,A6,3,2,1,43,0,1
2008,4,7,5,29,1899,4,P12,4,4,1,33,0,1
2008,4,7,6,29,1899,4,P17,2,6,2,38,1,1
2008,4,7,7,29,1899,4,P8,2,3,1,28,0,1
2008,4,7,1,24,1900,2,B4,10,2,1,52,1,1
2008,4,7,2,24,1900,2,B3,12,1,1,52,1,1
2008,4,7,3,24,1900,2,B2,3,1,2,57,1,1
2008,4,7,4,24,1900,2,B5,14,2,2,52,1,1
2008,4,7,5,24,1900,3,C3,6,1,2,23,0,1
2008,4,7,6,24,1900,3,C29,6,4,2,52,1,2
2008,4,7,7,24,1900,3,C51,6,5,1,20,0,3
2008,4,7,8,24,1900,3,C40,14,2,2,28,0,3
2008,4,7,9,24,1900,3,C41,13,2,1,28,0,3
2008,4,7,10,24,1900,3,C37,2,1,1,43,1,3
2008,4,7,11,24,1900,3,C26,14,3,1,28,0,2
2008,4,7,12,24,1900,3,C30,2,4,2,28,0,2
2008,4,7,13,24,1900,2,B4,10,2,1,52,1,1
2008,4,7,14,24,1900,2,B9,1,3,1,48,0,1
2008,4,7,15,24,1900,4,P43,7,3,2,38,1,3
2008,4,7,16,24,1900,4,P65,9,4,2,43,1,4
2008,4,7,17,24,1900,4,P74,12,1,2,33,0,5
2008,4,7,1,9,1901,1,A12,2,4,1,38,0,1
2008,4,7,2,9,1901,1,A16,1,6,1,33,0,1
2008,4,7,1,9,1902,1,A3,3,1,1,72,1,1
2008,4,7,2,9,1902,1,A5,3,2,1,43,0,1
2008,4,7,3,9,1902,1,A16,1,6,1,33,0,1
2008,4,7,4,9,1902,1,A21,1,1,1,62,1,2
2008,4,7,5,9,1902,1,A31,6,5,2,62,1,2
2008,4,7,6,9,1902,1,A28,1,4,2,43,0,2
2008,4,7,7,9,1902,1,A41,4,2,1,43,0,3
2008,4,7,8,9,1902,2,B2,3,1,2,57,1,1
2008,4,7,9,9,1902,2,B4,10,2,1,52,1,1
2008,4,7,10,9,1902,2,B34,2,6,1,48,0,2
2008,4,7,11,9,1902,3,C26,14,3,1,28,0,2
2008,4,7,12,9,1902,3,C51,6,5,1,20,0,3
2008,4,7,13,9,1902,1,A5,3,2,1,43,0,1
2008,4,7,14,9,1902,1,A6,3,2,1,43,0,1
2008,4,7,15,9,1902,3,C8,2,3,2,48,1,1
2008,4,7,1,9,1903,1,A12,2,4,1,38,0,1
2008,4,7,2,9,1903,1,A1,8,1,1,28,0,1
2008,4,7,3,9,1903,1,A8,3,3,1,62,1,1
2008,4,7,4,9,1903,1,A13,1,5,1,28,0,1
2008,4,7,5,9,1903,1,A16,1,6,1,33,0,1
2008,4,7,6,9,1903,2,B1,4,1,1,57,1,1
2008,4,7,7,9,1903,2,B8,4,3,2,52,1,1
2008,4,7,8,9,1903,2,B6,2,2,1,52,1,1
2008,4,7,9,9,1903,2,B11,2,4,1,43,0,1
2008,4,7,10,9,1903,2,B10,2,4,1,67,1,1
2008,4,7,11,9,1903,3,C41,13,2,1,28,0,3
2008,4,7,12,9,1903,3,C53,14,6,1,38,0,3
2008,4,7,1,9,1904,1,A3,3,1,1,72,1,1
2008,4,7,2,9,1904,1,A11,3,4,1,62,1,1
2008,4,7,3,9,1904,1,A18,4,6,1,38,0,1
2008,4,7,4,9,1904,1,A15,14,5,2,33,0,1
2008,4,7,5,9,1904,2,B4,10,2,1,52,1,1
2008,4,7,6,9,1904,2,B1,4,1,1,57,1,1
2008,4,7,7,9,1904,2,B5,14,2,2,52,1,1
2008,4,7,8,9,1904,3,C11,7,4,1,33,0,1
2008,4,7,1,9,1905,1,A2,3,1,1,43,0,1
2008,4,7,2,9,1905,1,A1,8,1,1,28,0,1
2008,4,7,3,9,1905,1,A3,3,1,1,72,1,1
2008,4,8,2,29,2388,1,A21,1,1,1,62,1,2
2008,4,8,3,29,2388,1,A25,1,3,1,38,0,2
2008,4,8,1,29,2389,1,A33,1,5,1,38,0,2
2008,4,8,2,29,2389,1,A33,1,5,1,38,0,2
2008,4,8,1,9,2390,3,C50,9,5,2,20,0,3
2008,4,8,2,9,2390,3,C40,14,2,2,28,0,3
2008,4,8,3,9,2390,3,C56,6,1,2,57,1,4
2008,4,8,4,9,2390,1,A26,2,3,1,38,0,2
2008,4,8,5,9,2390,1,A31,6,5,2,62,1,2
2008,4,8,6,9,2390,1,A41,4,2,1,43,0,3
2008,4,8,1,9,2391,1,A17,2,6,1,62,1,1
2008,4,8,2,9,2391,3,C8,2,3,2,48,1,1
2008,4,8,3,9,2391,3,C10,9,4,2,28,0,1
2008,4,8,1,9,2392,1,A6,3,2,1,43,0,1
2008,4,8,2,9,2392,1,A2,3,1,1,43,0,1
2008,4,8,3,9,2392,1,A15,14,5,2,33,0,1
2008,4,8,4,9,2392,1,A12,2,4,1,38,0,1
2008,4,8,5,9,2392,1,A11,3,4,1,62,1,1
2008,4,8,6,9,2392,1,A10,3,4,1,38,0,1
2008,4,8,7,9,2392,1,A9,3,3,1,82,1,1
2008,4,8,8,9,2392,1,A8,3,3,1,62,1,1
2008,4,8,9,9,2392,1,A7,3,3,1,43,0,1
2008,4,8,10,9,2392,1,A6,3,2,1,43,0,1
2008,4,8,11,9,2392,1,A5,3,2,1,43,0,1
2008,4,8,12,9,2392,1,A4,3,2,2,38,0,1
2008,4,8,13,9,2392,1,A3,3,1,1,72,1,1
2008,4,8,1,29,2393,4,P4,4,2,1,38,1,1
2008,4,8,2,29,2393,4,P6,2,2,1,43,1,1
2008,4,8,3,29,2393,4,P3,2,1,1,48,1,1
2008,4,8,4,29,2393,4,P26,4,3,1,43,1,2
2008,4,8,5,29,2393,4,P23,6,2,2,28,0,2
2008,4,8,6,29,2393,4,P38,9,1,1,33,0,3
2008,4,8,7,29,2393,4,P52,11,6,2,23,0,3
2008,4,8,8,29,2393,4,P61,1,3,2,28,0,4
2008,4,8,9,29,2393,4,P70,6,6,2,38,1,4
2008,4,8,1,29,2394,4,P16,7,6,1,33,0,1
2008,4,8,1,29,2395,2,B12,2,4,1,38,0,1
2008,4,8,2,29,2395,2,B10,2,4,1,67,1,1
2008,4,8,1,29,2396,2,B31,9,5,1,57,1,2
2008,4,8,2,29,2396,2,B32,6,5,1,38,0,2
2008,4,8,3,29,2396,2,B32,6,5,1,38,0,2
2008,4,8,4,29,2396,2,B26,13,3,1,57,1,2
2008,4,8,1,29,2397,3,C8,2,3,2,48,1,1
2008,4,8,2,29,2397,3,C5,11,2,1,48,1,1
2008,4,8,3,29,2397,1,A2,3,1,1,43,0,1
2008,4,8,4,29,2397,1,A3,3,1,1,72,1,1
2008,4,8,5,29,2397,1,A6,3,2,1,43,0,1
2008,4,8,6,29,2397,1,A9,3,3,1,82,1,1
2008,4,8,7,29,2397,1,A10,3,4,1,38,0,1
2008,4,8,8,29,2397,1,A12,2,4,1,38,0,1
2008,4,8,9,29,2397,4,P8,2,3,1,28,0,1
2008,4,8,10,29,2397,4,P14,2,5,2,38,1,1
2008,4,8,11,29,2397,4,P17,2,6,2,38,1,1
2008,4,8,12,29,2397,4,P14,2,5,2,38,1,1
2008,4,8,13,29,2397,4,P14,2,5,2,38,1,1
2008,4,8,14,29,2397,4,P8,2,3,1,28,0,1
2008,4,8,15,29,2397,4,P17,2,6,2,38,1,1
2008,4,8,16,29,2397,4,P8,2,3,1,28,0,1
2008,4,8,17,29,2397,4,P8,2,3,1,28,0,1
2008,4,8,1,29,2398,4,P1,3,1,1,38,1,1
2008,4,8,1,29,2399,1,A1,8,1,1,28,0,1
2008,4,8,2,29,2399,1,A2,3,1,1,43,0,1
2008,4,8,3,29,2399,2,B19,13,1,1,38,0,2
2008,4,8,4,29,2399,2,B24,11,2,1,57,1,2
2008,4,8,5,29,2399,2,B27,2,3,1,57,1,2
2008,4,8,6,29,2399,3,C5,11,2,1,48,1,1
2008,4,8,7,29,2399,3,C34,7,6,1,48,1,2
2008,4,8,8,29,2399,3,C32,2,5,1,33,0,2
2008,4,8,9,29,2399,4,P1,3,1,1,38,1,1
2008,4,8,10,29,2399,4,P16,7,6,1,33,0,1
2008,4,8,11,29,2399,4,P20,7,1,1,23,0,2
2008,4,8,1,29,2400,1,A43,2,3,1,62,1,3
2008,4,8,2,29,2400,1,A10,3,4,1,38,0,1
2008,4,8,3,29,2400,1,A12,2,4,1,38,0,1
2008,4,8,4,29,2400,1,A10,3,4,1,38,0,1
2008,4,8,5,29,2400,1,A12,2,4,1,38,0,1
2008,4,8,6,29,2400,1,A10,3,4,1,38,0,1
2008,4,8,7,29,2400,1,A6,3,2,1,43,0,1
2008,4,8,8,29,2400,1,A21,1,1,1,62,1,2
2008,4,8,9,29,2400,1,A30,6,4,1,38,0,2
2008,4,8,10,29,2400,1,A31,6,5,2,62,1,2
2008,4,8,11,29,2400,1,A28,1,4,2,43,0,2
2008,4,8,12,29,2400,1,A35,14,6,2,33,0,2
2008,4,8,13,29,2400,1,A25,1,3,1,38,0,2
2008,4,8,14,29,2400,1,A27,3,3,1,55,1,2
2008,4,8,15,29,2400,1,A23,6,2,2,33,0,2
2008,4,8,16,29,2400,1,A41,4,2,1,43,0,3
2008,4,8,17,29,2400,1,A28,1,4,2,43,0,2
2008,4,8,18,29,2400,1,A43,2,3,1,62,1,3
2008,4,8,19,29,2400,1,A29,2,4,1,60,1,2
2008,4,8,20,29,2400,1,A3,3,1,1,72,1,1
2008,4,8,21,29,2400,1,A4,3,2,2,38,0,1
2008,4,8,22,29,2400,1,A5,3,2,1,43,0,1
2008,4,8,23,29,2400,1,A6,3,2,1,43,0,1
2008,4,8,24,29,2400,1,A16,1,6,1,33,0,1
2008,4,8,25,29,2400,1,A13,1,5,1,28,0,1
2008,4,8,26,29,2400,1,A17,2,6,1,62,1,1
2008,4,8,27,29,2400,1,A32,2,5,1,38,0,2
2008,4,8,28,29,2400,1,A36,1,6,1,33,0,2
2008,4,8,29,29,2400,2,B1,4,1,1,57,1,1
2008,4,8,30,29,2400,2,B25,6,3,1,38,0,2
2008,4,8,31,29,2400,2,B26,13,3,1,57,1,2
2008,4,8,32,29,2400,1,A15,14,5,2,33,0,1
2008,4,8,33,29,2400,2,B4,10,2,1,52,1,1
2008,4,8,34,29,2400,2,B26,13,3,1,57,1,2
2008,4,8,35,29,2400,2,B24,11,2,1,57,1,2
2008,4,8,36,29,2400,2,B27,2,3,1,57,1,2
2008,4,8,37,29,2400,2,B24,11,2,1,57,1,2
2008,4,8,38,29,2400,2,B21,12,1,1,67,1,2
2008,4,8,39,29,2400,2,B20,8,1,1,43,0,2
2008,4,8,40,29,2400,2,B31,9,5,1,57,1,2
2008,4,8,41,29,2400,2,B32,6,5,1,38,0,2
2008,4,8,42,29,2400,2,B30,9,4,1,57,1,2
2008,4,8,43,29,2400,2,B31,9,5,1,57,1,2
2008,4,8,44,29,2400,4,P1,3,1,1,38,1,1
2008,4,8,45,29,2400,2,B31,9,5,1,57,1,2
2008,4,8,46,29,2400,2,B26,13,3,1,57,1,2
2008,4,8,47,29,2400,2,B30,9,4,1,57,1,2
2008,4,8,48,29,2400,2,B31,9,5,1,57,1,2
2008,4,8,49,29,2400,2,B30,9,4,1,57,1,2
2008,4,8,50,29,2400,2,B24,11,2,1,57,1,2
2008,4,8,51,29,2400,2,B12,2,4,1,38,0,1
2008,4,8,52,29,2400,2,B1,4,1,1,57,1,1
2008,4,8,53,29,2400,3,C12,14,4,1,43,1,1
2008,4,8,54,29,2400,3,C5,11,2,1,48,1,1
2008,4,8,55,29,2400,3,C15,6,5,1,33,0,1
2008,4,8,56,29,2400,3,C58,14,2,2,48,1,4
2008,4,8,57,29,2400,3,C59,5,2,2,52,1,4
2008,4,8,58,29,2400,3,C55,13,1,1,48,1,4
2008,4,8,59,29,2400,3,C50,9,5,2,20,0,3
2008,4,8,60,29,2400,3,C50,9,5,2,20,0,3
2008,4,8,61,29,2400,1,A22,4,2,1,62,1,2
2008,4,8,62,29,2400,1,A21,1,1,1,62,1,2
2008,4,8,63,29,2400,1,A31,6,5,2,62,1,2
2008,4,8,64,29,2400,2,B24,11,2,1,57,1,2
2008,4,8,65,29,2400,2,B32,6,5,1,38,0,2
2008,4,8,66,29,2400,2,B31,9,5,1,57,1,2
2008,4,8,67,29,2400,2,B30,9,4,1,57,1,2
2008,4,8,68,29,2400,2,B28,9,4,1,38,0,2
2008,4,8,69,29,2400,3,C53,14,6,1,38,0,3
2008,4,8,1,29,2401,2,B10,2,4,1,67,1,1
2008,4,8,2,29,2401,3,C4,4,2,1,48,1,1
2008,4,8,3,29,2401,2,B13,12,5,2,62,1,1
2008,4,8,4,29,2401,2,B12,2,4,1,38,0,1
2008,4,8,5,29,2401,2,B11,2,4,1,43,0,1
2008,4,8,6,29,2401,2,B17,6,6,2,38,0,1
2008,4,8,7,29,2401,2,B9,1,3,1,48,0,1
2008,4,8,8,29,2401,2,B19,13,1,1,38,0,2
2008,4,8,9,29,2401,2,B33,6,5,2,33,0,2
2008,4,8,10,29,2401,2,B33,6,5,2,33,0,2
2008,4,8,11,29,2401,2,B24,11,2,1,57,1,2
2008,4,8,12,29,2401,2,B24,11,2,1,57,1,2
2008,4,8,13,29,2401,2,B31,9,5,1,57,1,2
2008,4,8,14,29,2401,2,B31,9,5,1,57,1,2
2008,4,8,15,29,2401,2,B32,6,5,1,38,0,2
2008,4,8,16,29,2401,2,B32,6,5,1,38,0,2
2008,4,8,17,29,2401,2,B29,2,4,1,62,1,2
2008,4,8,18,29,2401,2,B29,2,4,1,62,1,2
2008,4,8,19,29,2401,3,C30,2,4,2,28,0,2
2008,4,8,20,29,2401,3,C24,12,2,1,33,0,2
2008,4,8,21,29,2401,3,C43,6,3,2,28,0,3
2008,4,8,22,29,2401,3,C54,14,6,1,57,1,3
2008,4,8,23,29,2401,3,C58,14,2,2,48,1,4
2008,4,8,24,29,2401,3,C58,14,2,2,48,1,4
2008,4,8,1,29,2402,1,A30,6,4,1,38,0,2
2008,4,8,2,29,2402,1,A33,1,5,1,38,0,2
2008,4,8,3,29,2402,1,A15,14,5,2,33,0,1
2008,4,8,1,29,2403,1,A6,3,2,1,43,0,1
2008,4,8,2,29,2403,1,A10,3,4,1,38,0,1
2008,4,8,3,29,2403,1,A4,3,2,2,38,0,1
2008,4,8,4,29,2403,1,A9,3,3,1,82,1,1
2008,4,8,5,29,2403,3,C22,11,2,2,43,1,2
2008,4,8,6,29,2403,3,C24,12,2,1,33,0,2
2008,4,9,1,29,2404,1,A2,3,1,1,43,0,1
2008,4,9,2,29,2404,1,A1,8,1,1,28,0,1
2008,4,9,3,29,2404,1,A3,3,1,1,72,1,1
2008,4,9,4,29,2404,1,A11,3,4,1,62,1,1
2008,4,9,5,29,2404,1,A21,1,1,1,62,1,2
2008,4,9,6,29,2404,1,A37,2,1,1,62,1,3
2008,4,9,7,29,2404,1,A10,3,4,1,38,0,1
2008,4,9,8,29,2404,1,A14,3,5,1,60,1,1
2008,4,9,9,29,2404,1,A11,3,4,1,62,1,1
2008,4,9,10,29,2404,2,B2,3,1,2,57,1,1
2008,4,9,11,29,2404,3,C40,14,2,2,28,0,3
2008,4,9,1,29,2405,1,A7,3,3,1,43,0,1
2008,4,9,2,29,2405,1,A18,4,6,1,38,0,1
2008,4,9,3,29,2405,1,A13,1,5,1,28,0,1
2008,4,9,4,29,2405,2,B3,12,1,1,52,1,1
2008,4,9,5,29,2405,2,B6,2,2,1,52,1,1
2008,4,9,6,29,2405,3,C7,13,3,1,48,1,1
2008,4,9,7,29,2405,3,C17,14,6,1,48,1,1
2008,4,9,1,29,2406,4,P15,4,5,2,38,1,1
2008,4,9,2,29,2406,2,B12,2,4,1,38,0,1
2008,4,9,3,29,2406,2,B13,12,5,2,62,1,1
2008,4,9,4,29,2406,4,P15,4,5,2,38,1,1
2008,4,9,1,9,2407,1,A11,3,4,1,62,1,1
2008,4,9,2,9,2407,1,A8,3,3,1,62,1,1
2008,4,9,3,9,2407,1,A8,3,3,1,62,1,1
2008,4,9,4,9,2407,1,A14,3,5,1,60,1,1
2008,4,9,5,9,2407,1,A14,3,5,1,60,1,1
2008,4,9,6,9,2407,1,A12,2,4,1,38,0,1
2008,4,9,7,9,2407,1,A12,2,4,1,38,0,1
2008,4,9,8,9,2407,1,A21,1,1,1,62,1,2
2008,4,9,9,9,2407,1,A21,1,1,1,62,1,2
2008,4,9,10,9,2407,1,A28,1,4,2,43,0,2
2008,4,9,11,9,2407,3,C9,6,3,1,48,1,1
2008,4,9,12,9,2407,3,C9,6,3,1,48,1,1
2008,4,9,13,9,2407,3,C36,14,6,1,43,1,2
2008,4,9,14,9,2407,3,C36,14,6,1,43,1,2
2008,4,9,15,9,2407,3,C49,4,5,2,26,0,3
2008,4,9,16,9,2407,3,C49,4,5,2,26,0,3
2008,4,9,1,9,2408,2,B24,11,2,1,57,1,2
2008,4,9,2,9,2408,3,C39,6,1,1,77,1,3
2008,4,9,3,9,2408,1,A6,3,2,1,43,0,1
2008,4,9,1,9,2409,1,A14,3,5,1,60,1,1
2008,4,9,2,9,2409,1,A5,3,2,1,43,0,1
2008,4,9,3,9,2409,1,A33,1,5,1,38,0,2
2008,4,9,4,9,2409,1,A32,2,5,1,38,0,2
2008,4,9,5,9,2409,3,C34,7,6,1,48,1,2
2008,4,9,6,9,2409,3,C35,9,6,1,50,1,2
2008,4,9,7,9,2409,2,B27,2,3,1,57,1,2
2008,4,9,1,29,2410,1,A11,3,4,1,62,1,1
2008,4,9,2,29,2410,1,A13,1,5,1,28,0,1
2008,4,9,3,29,2410,1,A10,3,4,1,38,0,1
2008,4,9,4,29,2410,1,A18,4,6,1,38,0,1
2008,4,9,5,29,2410,1,A15,14,5,2,33,0,1
2008,4,9,6,29,2410,1,A9,3,3,1,82,1,1
2008,4,9,7,29,2410,1,A3,3,1,1,72,1,1
2008,4,9,8,29,2410,3,C17,14,6,1,48,1,1
2008,4,9,1,29,2411,1,A14,3,5,1,60,1,1
2008,4,9,2,29,2411,2,B8,4,3,2,52,1,1
2008,4,9,1,29,2412,2,B4,10,2,1,52,1,1
2008,4,9,2,29,2412,2,B11,2,4,1,43,0,1
2008,4,9,1,29,2413,1,A5,3,2,1,43,0,1
2008,4,9,1,9,2414,1,A1,8,1,1,28,0,1
2008,4,9,2,9,2414,1,A11,3,4,1,62,1,1
2008,4,9,3,9,2414,1,A10,3,4,1,38,0,1
2008,4,9,4,9,2414,1,A9,3,3,1,82,1,1
2008,4,9,5,9,2414,1,A4,3,2,2,38,0,1
2008,4,9,1,29,2415,2,B13,12,5,2,62,1,1
2008,4,9,2,29,2415,2,B10,2,4,1,67,1,1
2008,4,9,3,29,2415,2,B6,2,2,1,52,1,1
2008,4,9,4,29,2415,1,A1,8,1,1,28,0,1
2008,4,9,5,29,2415,3,C24,12,2,1,33,0,2
2008,4,9,6,29,2415,3,C53,14,6,1,38,0,3
2008,4,9,7,29,2415,4,P15,4,5,2,38,1,1
2008,4,9,1,9,2416,1,A1,8,1,1,28,0,1
2008,4,9,2,9,2416,1,A5,3,2,1,43,0,1
2008,4,9,3,9,2416,1,A8,3,3,1,62,1,1
2008,4,9,1,9,2417,1,A1,8,1,1,28,0,1
2008,4,9,2,9,2417,1,A2,3,1,1,43,0,1
2008,4,10,5,29,2895,4,P50,6,5,2,33,0,3
2008,4,10,6,29,2895,4,P62,12,3,2,33,0,4
2008,4,10,7,29,2895,4,P72,14,6,1,33,0,4
2008,4,10,8,29,2895,4,P65,9,4,2,43,1,4
2008,4,10,9,29,2895,4,P77,7,2,1,43,1,5
2008,4,10,10,29,2895,4,P82,6,4,2,48,1,5
2008,4,10,11,29,2895,1,A13,1,5,1,28,0,1
2008,4,10,12,29,2895,1,A2,3,1,1,43,0,1
2008,4,10,13,29,2895,2,B12,2,4,1,38,0,1
2008,4,10,1,29,2896,2,B28,9,4,1,38,0,2
2008,4,10,2,29,2896,2,B31,9,5,1,57,1,2
2008,4,10,3,29,2896,2,B32,6,5,1,38,0,2
2008,4,10,4,29,2896,2,B31,9,5,1,57,1,2
2008,4,10,5,29,2896,2,B31,9,5,1,57,1,2
2008,4,10,6,29,2896,2,B31,9,5,1,57,1,2
2008,4,10,7,29,2896,2,B31,9,5,1,57,1,2
2008,4,10,8,29,2896,2,B31,9,5,1,57,1,2
2008,4,10,9,29,2896,3,C17,14,6,1,48,1,1
2008,4,10,10,29,2896,3,C10,9,4,2,28,0,1
2008,4,10,11,29,2896,2,B17,6,6,2,38,0,1
2008,4,10,1,29,2897,3,C2,12,1,1,43,1,1
2008,4,10,2,29,2897,3,C50,9,5,2,20,0,3
2008,4,10,3,29,2897,2,B17,6,6,2,38,0,1
2008,4,10,4,29,2897,2,B4,10,2,1,52,1,1
2008,4,10,5,29,2897,1,A4,3,2,2,38,0,1
2008,4,10,6,29,2897,1,A26,2,3,1,38,0,2
2008,4,10,7,29,2897,3,C22,11,2,2,43,1,2
2008,4,10,1,29,2898,4,P6,2,2,1,43,1,1
2008,4,10,2,29,2898,4,P1,3,1,1,38,1,1
2008,4,10,3,29,2898,4,P14,2,5,2,38,1,1
2008,4,10,4,29,2898,4,P12,4,4,1,33,0,1
2008,4,11,1,29,2899,4,P1,3,1,1,38,1,1
2008,4,11,2,29,2899,4,P4,4,2,1,38,1,1
2008,4,11,3,29,2899,4,P17,2,6,2,38,1,1
2008,4,11,4,29,2899,4,P3,2,1,1,48,1,1
2008,4,11,5,29,2899,4,P50,6,5,2,33,0,3
2008,4,11,6,29,2899,4,P59,2,2,2,38,1,4
2008,4,11,7,29,2899,4,P70,6,6,2,38,1,4
2008,4,11,8,29,2899,3,C20,13,1,2,48,1,2
2008,4,11,9,29,2899,3,C30,2,4,2,28,0,2
2008,4,11,10,29,2899,3,C53,14,6,1,38,0,3
2008,4,11,1,29,2900,3,C12,14,4,1,43,1,1
2008,4,11,2,29,2900,3,C5,11,2,1,48,1,1
2008,4,11,3,29,2900,3,C9,6,3,1,48,1,1
2008,4,11,4,29,2900,3,C41,13,2,1,28,0,3
2008,4,11,5,29,2900,3,C40,14,2,2,28,0,3
2008,4,11,6,29,2900,3,C56,6,1,2,57,1,4
2008,4,11,7,29,2900,4,P23,6,2,2,28,0,2
2008,4,11,1,9,2901,3,C57,5,1,2,33,0,4
2008,4,11,2,9,2901,3,C57,5,1,2,33,0,4
2008,4,11,3,9,2901,3,C59,5,2,2,52,1,4
2008,4,11,1,29,2902,3,C9,6,3,1,48,1,1
2008,4,11,2,29,2902,3,C41,13,2,1,28,0,3
2008,4,11,3,29,2902,3,C49,4,5,2,26,0,3
2008,4,11,4,29,2902,3,C51,6,5,1,20,0,3
2008,4,11,5,29,2902,3,C50,9,5,2,20,0,3
2008,4,11,6,29,2902,3,C51,6,5,1,20,0,3
2008,4,11,7,29,2902,1,A35,14,6,2,33,0,2
2008,4,11,1,29,2903,1,A9,3,3,1,82,1,1
2008,4,11,2,29,2903,1,A3,3,1,1,72,1,1
2008,4,11,3,29,2903,2,B2,3,1,2,57,1,1
2008,4,11,4,29,2903,2,B3,12,1,1,52,1,1
2008,4,11,5,29,2903,4,P50,6,5,2,33,0,3
2008,4,11,1,9,2904,3,C49,4,5,2,26,0,3
2008,4,11,2,9,2904,3,C29,6,4,2,52,1,2
2008,4,11,1,9,2905,1,A7,3,3,1,43,0,1
2008,4,11,2,9,2905,1,A7,3,3,1,43,0,1
2008,4,11,3,9,2905,1,A8,3,3,1,62,1,1
2008,4,11,4,9,2905,1,A5,3,2,1,43,0,1
2008,4,11,5,9,2905,1,A5,3,2,1,43,0,1
2008,4,11,6,9,2905,1,A8,3,3,1,62,1,1
2008,4,11,1,29,2906,3,C13,9,5,1,48,1,1
2008,4,11,2,29,2906,3,C18,9,6,1,48,1,1
2008,4,11,3,29,2906,3,C17,14,6,1,48,1,1
2008,4,11,4,29,2906,3,C27,11,3,1,48,1,2
2008,4,11,5,29,2906,3,C31,12,5,1,33,0,2
2008,4,11,6,29,2906,3,C28,2,4,2,48,1,2
2008,4,11,7,29,2906,3,C34,7,6,1,48,1,2
2008,4,11,8,29,2906,3,C38,13,1,1,38,0,3
2008,4,11,9,29,2906,3,C45,11,3,1,55,1,3
2008,4,11,1,14,2907,3,C18,9,6,1,48,1,1
2008,4,11,2,14,2907,1,A31,6,5,2,62,1,2
2008,4,11,3,14,2907,1,A17,2,6,1,62,1,1
2008,4,11,4,14,2907,1,A32,2,5,1,38,0,2
2008,4,11,5,14,2907,1,A42,6,2,1,28,0,3
2008,4,11,6,14,2907,2,B2,3,1,2,57,1,1
2008,4,11,7,14,2907,3,C14,9,5,1,23,0,1
2008,4,11,8,14,2907,2,B23,7,2,1,38,0,2
2008,4,11,9,14,2907,2,B13,12,5,2,62,1,1
2008,4,11,10,14,2907,2,B12,2,4,1,38,0,1
2008,4,11,11,14,2907,3,C57,5,1,2,33,0,4
2008,4,11,1,9,2908,1,A1,8,1,1,28,0,1
2008,4,11,1,29,2909,3,C5,11,2,1,48,1,1
2008,4,12,2,29,3321,1,A18,4,6,1,38,0,1
2008,4,12,3,29,3321,1,A17,2,6,1,62,1,1
2008,4,12,4,29,3321,1,A13,1,5,1,28,0,1
2008,4,12,5,29,3321,1,A3,3,1,1,72,1,1
2008,4,12,1,29,3322,2,B15,9,5,1,38,0,1
2008,4,12,2,29,3322,2,B4,10,2,1,52,1,1
2008,4,12,3,29,3322,4,P12,4,4,1,33,0,1
2008,4,12,4,29,3322,4,P12,4,4,1,33,0,1
2008,4,12,5,29,3322,2,B4,10,2,1,52,1,1
2008,4,12,1,29,3323,2,B23,7,2,1,38,0,2
2008,4,12,2,29,3323,2,B23,7,2,1,38,0,2
2008,4,12,3,29,3323,4,P16,7,6,1,33,0,1
2008,4,12,1,29,3324,2,B4,10,2,1,52,1,1
2008,4,12,2,29,3324,4,P34,9,6,2,48,1,2
2008,4,12,1,9,3325,1,A19,12,1,2,33,0,2
2008,4,12,2,9,3325,1,A20,2,1,2,38,0,2
2008,4,12,3,9,3325,1,A32,2,5,1,38,0,2
2008,4,12,4,9,3325,1,A30,6,4,1,38,0,2
2008,4,12,5,9,3325,1,A29,2,4,1,60,1,2
2008,4,12,6,9,3325,1,A34,2,6,1,38,0,2
2008,4,12,7,9,3325,1,A15,14,5,2,33,0,1
2008,4,12,8,9,3325,1,A14,3,5,1,60,1,1
2008,4,12,9,9,3325,1,A12,2,4,1,38,0,1
2008,4,12,10,9,3325,1,A33,1,5,1,38,0,2
2008,4,12,11,9,3325,1,A33,1,5,1,38,0,2
2008,4,12,12,9,3325,3,C9,6,3,1,48,1,1
2008,4,12,13,9,3325,3,C29,6,4,2,52,1,2
2008,4,12,14,9,3325,3,C40,14,2,2,28,0,3
2008,4,12,15,9,3325,3,C51,6,5,1,20,0,3
2008,4,12,16,9,3325,3,C24,12,2,1,33,0,2
2008,4,12,17,9,3325,3,C29,6,4,2,52,1,2
2008,4,12,18,9,3325,3,C25,2,3,1,33,0,2
2008,4,12,19,9,3325,1,A30,6,4,1,38,0,2
2008,4,12,20,9,3325,1,A33,1,5,1,38,0,2
2008,4,12,1,29,3326,2,B27,2,3,1,57,1,2
2008,4,12,2,29,3326,2,B24,11,2,1,57,1,2
2008,4,12,3,29,3326,2,B20,8,1,1,43,0,2
2008,4,12,1,9,3327,1,A15,14,5,2,33,0,1
2008,4,12,2,9,3327,3,C11,7,4,1,33,0,1
2008,4,12,3,9,3327,3,C31,12,5,1,33,0,2
2008,4,12,4,9,3327,1,A15,14,5,2,33,0,1
2008,4,12,5,9,3327,1,A15,14,5,2,33,0,1
2008,4,12,6,9,3327,1,A13,1,5,1,28,0,1
2008,4,12,7,9,3327,3,C18,9,6,1,48,1,1
2008,4,12,8,9,3327,3,C13,9,5,1,48,1,1
2008,4,12,9,9,3327,3,C12,14,4,1,43,1,1
2008,4,12,10,9,3327,3,C32,2,5,1,33,0,2
2008,4,12,11,9,3327,3,C31,12,5,1,33,0,2
2008,4,12,12,9,3327,3,C19,12,1,1,48,1,2
2008,4,12,13,9,3327,3,C30,2,4,2,28,0,2
2008,4,12,14,9,3327,3,C35,9,6,1,50,1,2
2008,4,12,15,9,3327,3,C31,12,5,1,33,0,2
2008,4,12,16,9,3327,3,C38,13,1,1,38,0,3
2008,4,12,17,9,3327,3,C47,13,4,2,18,0,3
2008,4,12,18,9,3327,3,C49,4,5,2,26,0,3
2008,4,12,19,9,3327,3,C54,14,6,1,57,1,3
2008,4,12,20,9,3327,3,C52,2,6,1,38,0,3
2008,4,12,21,9,3327,3,C46,2,4,1,48,1,3
2008,4,12,22,9,3327,3,C50,9,5,2,20,0,3
2008,4,12,23,9,3327,3,C39,6,1,1,77,1,3
2008,4,12,24,9,3327,3,C59,5,2,2,52,1,4
2008,4,12,25,9,3327,3,C40,14,2,2,28,0,3
2008,4,12,26,9,3327,3,C48,6,4,1,28,0,3
2008,4,12,27,9,3327,3,C38,13,1,1,38,0,3
2008,4,12,28,9,3327,2,B13,12,5,2,62,1,1
2008,4,12,29,9,3327,2,B15,9,5,1,38,0,1
2008,4,12,30,9,3327,2,B10,2,4,1,67,1,1
2008,4,12,31,9,3327,2,B31,9,5,1,57,1,2
2008,4,12,32,9,3327,2,B19,13,1,1,38,0,2
2008,4,12,33,9,3327,2,B28,9,4,1,38,0,2
2008,4,12,34,9,3327,2,B26,13,3,1,57,1,2
2008,4,12,35,9,3327,2,B24,11,2,1,57,1,2
2008,4,12,36,9,3327,3,C37,2,1,1,43,1,3
2008,4,12,37,9,3327,3,C32,2,5,1,33,0,2
2008,4,12,38,9,3327,1,A15,14,5,2,33,0,1
2008,4,12,39,9,3327,1,A6,3,2,1,43,0,1
2008,4,12,40,9,3327,3,C12,14,4,1,43,1,1
2008,4,12,41,9,3327,3,C11,7,4,1,33,0,1
2008,4,12,42,9,3327,3,C35,9,6,1,50,1,2
2008,4,12,43,9,3327,3,C36,14,6,1,43,1,2
2008,4,12,44,9,3327,3,C50,9,5,2,20,0,3
2008,4,12,45,9,3327,3,C38,13,1,1,38,0,3
2008,4,12,46,9,3327,1,A15,14,5,2,33,0,1
2008,4,12,47,9,3327,1,A15,14,5,2,33,0,1
2008,4,12,48,9,3327,1,A15,14,5,2,33,0,1
2008,4,12,49,9,3327,1,A15,14,5,2,33,0,1
2008,4,12,50,9,3327,1,A15,14,5,2,33,0,1
2008,4,13,1,29,3328,3,C40,14,2,2,28,0,3
2008,4,13,2,29,3328,3,C56,6,1,2,57,1,4
2008,4,13,3,29,3328,4,P15,4,5,2,38,1,1
2008,4,13,4,29,3328,4,P26,4,3,1,43,1,2
2008,4,13,5,29,3328,4,P37,2,1,1,43,1,3
2008,4,13,6,29,3328,4,P60,14,2,1,28,0,4
2008,4,13,7,29,3328,4,P70,6,6,2,38,1,4
2008,4,13,8,29,3328,4,P78,14,2,2,48,1,5
2008,4,13,9,29,3328,4,P82,6,4,2,48,1,5
2008,4,13,10,29,3328,1,A7,3,3,1,43,0,1
2008,4,13,1,9,3329,1,A4,3,2,2,38,0,1
2008,4,13,2,9,3329,2,B2,3,1,2,57,1,1
2008,4,13,3,9,3329,2,B5,14,2,2,52,1,1
2008,4,13,4,9,3329,1,A35,14,6,2,33,0,2
2008,4,13,5,9,3329,1,A9,3,3,1,82,1,1
2008,4,13,6,9,3329,1,A4,3,2,2,38,0,1
2008,4,13,7,9,3329,1,A4,3,2,2,38,0,1
2008,4,13,8,9,3329,1,A4,3,2,2,38,0,1
2008,4,13,1,9,3330,1,A4,3,2,2,38,0,1
2008,4,13,2,9,3330,1,A19,12,1,2,33,0,2
2008,4,13,3,9,3330,3,C1,4,1,2,28,0,1
2008,4,13,4,9,3330,3,C2,12,1,1,43,1,1
2008,4,13,5,9,3330,3,C3,6,1,2,23,0,1
2008,4,13,6,9,3330,3,C4,4,2,1,48,1,1
2008,4,13,7,9,3330,3,C5,11,2,1,48,1,1
2008,4,13,8,9,3330,3,C6,6,2,1,33,0,1
2008,4,13,9,9,3330,3,C7,13,3,1,48,1,1
2008,4,13,10,9,3330,3,C8,2,3,2,48,1,1
2008,4,13,11,9,3330,3,C9,6,3,1,48,1,1
2008,4,13,12,9,3330,2,B3,12,1,1,52,1,1
2008,4,13,1,29,3331,4,P82,6,4,2,48,1,5
2008,4,13,1,9,3332,1,A29,2,4,1,60,1,2
2008,4,13,2,9,3332,1,A29,2,4,1,60,1,2
2008,4,13,1,29,3333,1,A15,14,5,2,33,0,1
2008,4,13,2,29,3333,1,A31,6,5,2,62,1,2
2008,4,13,3,29,3333,1,A35,14,6,2,33,0,2
2008,4,13,4,29,3333,3,C27,11,3,1,48,1,2
2008,4,13,5,29,3333,2,B19,13,1,1,38,0,2
2008,4,13,6,29,3333,2,B24,11,2,1,57,1,2
2008,4,13,7,29,3333,2,B25,6,3,1,38,0,2
2008,4,13,8,29,3333,1,A15,14,5,2,33,0,1
2008,4,13,9,29,3333,3,C27,11,3,1,48,1,2
2008,4,13,10,29,3333,2,B24,11,2,1,57,1,2
2008,4,13,11,29,3333,2,B21,12,1,1,67,1,2
2008,4,13,1,29,3334,3,C38,13,1,1,38,0,3
2008,4,13,2,29,3334,3,C38,13,1,1,38,0,3
2008,4,13,3,29,3334,3,C48,6,4,1,28,0,3
2008,4,13,4,29,3334,1,A20,2,1,2,38,0,2
2008,4,13,5,29,3334,1,A18,4,6,1,38,0,1
2008,4,13,6,29,3334,1,A20,2,1,2,38,0,2
2008,4,13,7,29,3334,1,A18,4,6,1,38,0,1
2008,4,13,8,29,3334,1,A20,2,1,2,38,0,2
2008,4,13,9,29,3334,1,A18,4,6,1,38,0,1
2008,4,13,10,29,3334,1,A19,12,1,2,33,0,2
2008,4,13,11,29,3334,1,A20,2,1,2,38,0,2
2008,4,13,12,29,3334,1,A20,2,1,2,38,0,2
2008,4,13,13,29,3334,1,A20,2,1,2,38,0,2
2008,4,13,14,29,3334,1,A20,2,1,2,38,0,2
2008,4,13,15,29,3334,1,A20,2,1,2,38,0,2
2008,4,13,16,29,3334,4,P23,6,2,2,28,0,2
2008,4,13,17,29,3334,4,P57,4,1,1,43,1,4
2008,4,13,18,29,3334,4,P75,7,1,1,33,0,5
2008,4,13,19,29,3334,4,P80,7,3,1,28,0,5
2008,4,13,20,29,3334,4,P80,7,3,1,28,0,5
2008,4,13,21,29,3334,4,P80,7,3,1,28,0,5
2008,4,13,22,29,3334,1,A20,2,1,2,38,0,2
2008,4,13,23,29,3334,4,P75,7,1,1,33,0,5
2008,4,13,24,29,3334,4,P75,7,1,1,33,0,5
2008,4,13,25,29,3334,4,P80,7,3,1,28,0,5
2008,4,13,1,24,3335,1,A12,2,4,1,38,0,1
2008,4,13,2,24,3335,1,A6,3,2,1,43,0,1
2008,4,13,5,29,3484,4,P16,7,6,1,33,0,1
2008,4,13,6,29,3484,4,P50,6,5,2,33,0,3
2008,4,13,7,29,3484,4,P60,14,2,1,28,0,4
2008,4,13,8,29,3484,4,P74,12,1,2,33,0,5
2008,4,13,1,29,3485,3,C5,11,2,1,48,1,1
2008,4,13,2,29,3485,3,C36,14,6,1,43,1,2
2008,4,13,3,29,3485,3,C41,13,2,1,28,0,3
2008,4,13,4,29,3485,3,C40,14,2,2,28,0,3
2008,4,13,5,29,3485,3,C38,13,1,1,38,0,3
2008,4,13,6,29,3485,3,C50,9,5,2,20,0,3
2008,4,13,7,29,3485,3,C45,11,3,1,55,1,3
2008,4,13,8,29,3485,1,A5,3,2,1,43,0,1
2008,4,13,1,29,3486,1,A4,3,2,2,38,0,1
2008,4,13,2,29,3486,4,P5,3,2,1,23,0,1
2008,4,13,3,29,3486,4,P16,7,6,1,33,0,1
2008,4,13,4,29,3486,4,P48,9,4,2,33,0,3
2008,4,13,5,29,3486,1,A4,3,2,2,38,0,1
2008,4,13,6,29,3486,2,B6,2,2,1,52,1,1
2008,4,13,7,29,3486,2,B4,10,2,1,52,1,1
2008,4,13,8,29,3486,2,B10,2,4,1,67,1,1
2008,4,13,9,29,3486,2,B15,9,5,1,38,0,1
2008,4,13,10,29,3486,2,B5,14,2,2,52,1,1
2008,4,14,1,29,3487,1,A11,3,4,1,62,1,1
2008,4,14,2,29,3487,1,A21,1,1,1,62,1,2
2008,4,14,3,29,3487,1,A23,6,2,2,33,0,2
2008,4,14,4,29,3487,1,A31,6,5,2,62,1,2
2008,4,14,5,29,3487,1,A31,6,5,2,62,1,2
2008,4,14,6,29,3487,1,A33,1,5,1,38,0,2
2008,4,14,7,29,3487,1,A31,6,5,2,62,1,2
2008,4,14,8,29,3487,1,A33,1,5,1,38,0,2
2008,4,14,9,29,3487,1,A31,6,5,2,62,1,2
2008,4,14,10,29,3487,1,A41,4,2,1,43,0,3
2008,4,14,11,29,3487,2,B4,10,2,1,52,1,1
2008,4,14,12,29,3487,2,B4,10,2,1,52,1,1
2008,4,14,13,29,3487,3,C41,13,2,1,28,0,3
2008,4,14,14,29,3487,3,C42,7,2,1,28,0,3
2008,4,14,15,29,3487,3,C56,6,1,2,57,1,4
2008,4,14,1,29,3488,1,A21,1,1,1,62,1,2
2008,4,14,2,29,3488,3,C6,6,2,1,33,0,1
2008,4,14,3,29,3488,3,C7,13,3,1,48,1,1
2008,4,14,4,29,3488,3,C9,6,3,1,48,1,1
2008,4,14,5,29,3488,3,C36,14,6,1,43,1,2
2008,4,14,6,29,3488,3,C26,14,3,1,28,0,2
2008,4,14,7,29,3488,3,C42,7,2,1,28,0,3
2008,4,14,8,29,3488,3,C56,6,1,2,57,1,4
2008,4,14,9,29,3488,4,P3,2,1,1,48,1,1
2008,4,14,10,29,3488,4,P70,6,6,2,38,1,4
2008,4,14,11,29,3488,4,P82,6,4,2,48,1,5
2008,4,14,1,29,3489,2,B2,3,1,2,57,1,1
2008,4,14,2,29,3489,2,B3,12,1,1,52,1,1
2008,4,14,3,29,3489,2,B4,10,2,1,52,1,1
2008,4,14,4,29,3489,2,B5,14,2,2,52,1,1
2008,4,14,5,29,3489,2,B6,2,2,1,52,1,1
2008,4,14,6,29,3489,2,B9,1,3,1,48,0,1
2008,4,14,7,29,3489,2,B10,2,4,1,67,1,1
2008,4,14,8,29,3489,2,B11,2,4,1,43,0,1
2008,4,14,9,29,3489,2,B12,2,4,1,38,0,1
2008,4,14,10,29,3489,2,B14,2,5,1,62,1,1
2008,4,14,11,29,3489,2,B24,11,2,1,57,1,2
2008,4,14,12,29,3489,2,B27,2,3,1,57,1,2
2008,4,14,13,29,3489,2,B30,9,4,1,57,1,2
2008,4,15,1,29,3724,1,A9,3,3,1,82,1,1
2008,4,15,2,29,3724,1,A8,3,3,1,62,1,1
2008,4,15,3,29,3724,1,A7,3,3,1,43,0,1
2008,4,15,4,29,3724,1,A7,3,3,1,43,0,1
2008,4,15,5,29,3724,1,A6,3,2,1,43,0,1
2008,4,15,6,29,3724,1,A6,3,2,1,43,0,1
2008,4,15,7,29,3724,1,A5,3,2,1,43,0,1
2008,4,15,8,29,3724,1,A5,3,2,1,43,0,1
2008,4,15,9,29,3724,1,A3,3,1,1,72,1,1
2008,4,15,10,29,3724,1,A3,3,1,1,72,1,1
2008,4,15,11,29,3724,1,A2,3,1,1,43,0,1
2008,4,15,12,29,3724,1,A1,8,1,1,28,0,1
2008,4,15,13,29,3724,1,A27,3,3,1,55,1,2
2008,4,15,14,29,3724,1,A27,3,3,1,55,1,2
2008,4,15,15,29,3724,1,A31,6,5,2,62,1,2
2008,4,15,16,29,3724,1,A31,6,5,2,62,1,2
2008,4,15,17,29,3724,1,A41,4,2,1,43,0,3
2008,4,15,1,29,3725,4,P2,3,1,1,28,0,1
2008,4,15,2,29,3725,4,P2,3,1,1,28,0,1
2008,4,15,1,29,3726,3,C17,14,6,1,48,1,1
2008,4,15,2,29,3726,3,C21,14,1,1,57,1,2
2008,4,15,3,29,3726,3,C29,6,4,2,52,1,2
2008,4,15,4,29,3726,2,B10,2,4,1,67,1,1
2008,4,15,5,29,3726,2,B9,1,3,1,48,0,1
2008,4,15,1,29,3727,2,B24,11,2,1,57,1,2
2008,4,15,2,29,3727,2,B23,7,2,1,38,0,2
2008,4,15,3,29,3727,1,A1,8,1,1,28,0,1
2008,4,15,4,29,3727,1,A2,3,1,1,43,0,1
2008,4,15,5,29,3727,1,A10,3,4,1,38,0,1
2008,4,15,6,29,3727,1,A5,3,2,1,43,0,1
2008,4,15,7,29,3727,1,A12,2,4,1,38,0,1
2008,4,15,1,29,3728,4,P16,7,6,1,33,0,1
2008,4,15,2,29,3728,4,P48,9,4,2,33,0,3
2008,4,15,3,29,3728,4,P73,11,1,2,33,0,5
2008,4,15,4,29,3728,2,B1,4,1,1,57,1,1
2008,4,15,5,29,3728,2,B16,12,6,1,52,1,1
2008,4,15,1,29,3729,1,A5,3,2,1,43,0,1
2008,4,15,2,29,3729,1,A5,3,2,1,43,0,1
2008,4,15,3,29,3729,1,A1,8,1,1,28,0,1
2008,4,15,4,29,3729,1,A2,3,1,1,43,0,1
2008,4,15,5,29,3729,1,A3,3,1,1,72,1,1
2008,4,15,6,29,3729,1,A4,3,2,2,38,0,1
2008,4,15,7,29,3729,1,A8,3,3,1,62,1,1
2008,4,15,8,29,3729,3,C9,6,3,1,48,1,1
2008,4,15,9,29,3729,3,C27,11,3,1,48,1,2
2008,4,15,10,29,3729,3,C34,7,6,1,48,1,2
2008,4,15,11,29,3729,3,C13,9,5,1,48,1,1
2008,4,15,12,29,3729,4,P16,7,6,1,33,0,1
2008,4,15,13,29,3729,4,P1,3,1,1,38,1,1
2008,4,15,14,29,3729,4,P16,7,6,1,33,0,1
2008,4,15,1,29,3730,1,A4,3,2,2,38,0,1
2008,4,15,2,29,3730,1,A11,3,4,1,62,1,1
2008,4,15,3,29,3730,1,A21,1,1,1,62,1,2
2008,4,15,4,29,3730,1,A28,1,4,2,43,0,2
2008,4,15,5,29,3730,1,A4,3,2,2,38,0,1
2008,4,15,6,29,3730,1,A41,4,2,1,43,0,3
2008,4,15,7,29,3730,1,A42,6,2,1,28,0,3
2008,4,15,8,29,3730,1,A39,4,1,1,38,0,3
2008,4,15,9,29,3730,1,A8,3,3,1,62,1,1
2008,4,15,10,29,3730,1,A10,3,4,1,38,0,1
2008,4,15,11,29,3730,1,A2,3,1,1,43,0,1
2008,4,15,12,29,3730,1,A6,3,2,1,43,0,1
2008,4,15,13,29,3730,3,C17,14,6,1,48,1,1
2008,4,15,14,29,3730,3,C53,14,6,1,38,0,3
2008,4,15,15,29,3730,4,P42,6,2,2,28,0,3
2008,4,15,1,42,3731,3,C31,12,5,1,33,0,2
2008,4,15,2,42,3731,1,A21,1,1,1,62,1,2
2008,4,15,3,42,3731,1,A34,2,6,1,38,0,2
2008,4,15,4,42,3731,3,C2,12,1,1,43,1,1
2008,4,15,5,42,3731,3,C23,3,2,1,43,1,2
2008,4,15,6,42,3731,3,C6,6,2,1,33,0,1
2008,4,15,7,42,3731,2,B4,10,2,1,52,1,1
2008,4,15,8,42,3731,1,A24,2,2,1,48,1,2
2008,4,15,1,29,3732,1,A31,6,5,2,62,1,2
2008,4,15,2,29,3732,1,A31,6,5,2,62,1,2
2008,4,15,1,29,3733,3,C49,4,5,2,26,0,3
2008,4,15,2,29,3733,3,C49,4,5,2,26,0,3
2008,4,16,1,29,3954,1,A1,8,1,1,28,0,1
2008,4,16,2,29,3954,1,A2,3,1,1,43,0,1
2008,4,16,1,29,3955,2,B31,9,5,1,57,1,2
2008,4,16,2,29,3955,2,B30,9,4,1,57,1,2
2008,4,16,3,29,3955,2,B19,13,1,1,38,0,2
2008,4,16,4,29,3955,2,B23,7,2,1,38,0,2
2008,4,16,5,29,3955,2,B32,6,5,1,38,0,2
2008,4,16,6,29,3955,2,B27,2,3,1,57,1,2
2008,4,16,7,29,3955,2,B34,2,6,1,48,0,2
2008,4,16,8,29,3955,2,B12,2,4,1,38,0,1
2008,4,16,9,29,3955,2,B10,2,4,1,67,1,1
2008,4,16,10,29,3955,3,C53,14,6,1,38,0,3
2008,4,16,11,29,3955,3,C44,14,3,1,55,1,3
2008,4,16,12,29,3955,3,C59,5,2,2,52,1,4
2008,4,16,13,29,3955,3,C57,5,1,2,33,0,4
2008,4,16,14,29,3955,3,C56,6,1,2,57,1,4
2008,4,16,1,29,3956,1,A11,3,4,1,62,1,1
2008,4,16,2,29,3956,1,A8,3,3,1,62,1,1
2008,4,16,3,29,3956,4,P3,2,1,1,48,1,1
2008,4,16,1,29,3957,1,A1,8,1,1,28,0,1
2008,4,16,2,29,3957,1,A3,3,1,1,72,1,1
2008,4,16,3,29,3957,1,A4,3,2,2,38,0,1
2008,4,16,4,29,3957,1,A5,3,2,1,43,0,1
2008,4,16,5,29,3957,1,A6,3,2,1,43,0,1
2008,4,16,6,29,3957,1,A7,3,3,1,43,0,1
2008,4,16,7,29,3957,4,P1,3,1,1,38,1,1
2008,4,16,8,29,3957,4,P11,4,4,2,38,1,1
2008,4,16,9,29,3957,4,P2,3,1,1,28,0,1
2008,4,16,10,29,3957,4,P3,2,1,1,48,1,1
2008,4,16,11,29,3957,4,P4,4,2,1,38,1,1
2008,4,16,12,29,3957,4,P1,3,1,1,38,1,1
2008,4,16,13,29,3957,4,P15,4,5,2,38,1,1
2008,4,16,14,29,3957,1,A9,3,3,1,82,1,1
2008,4,16,15,29,3957,4,P1,3,1,1,38,1,1
2008,4,16,1,29,3958,1,A4,3,2,2,38,0,1
2008,4,16,2,29,3958,1,A6,3,2,1,43,0,1
2008,4,16,3,29,3958,1,A13,1,5,1,28,0,1
2008,4,16,4,29,3958,1,A21,1,1,1,62,1,2
2008,4,16,5,29,3958,1,A36,1,6,1,33,0,2
2008,4,16,6,29,3958,2,B31,9,5,1,57,1,2
2008,4,16,1,29,3959,1,A1,8,1,1,28,0,1
2008,4,16,2,29,3959,1,A2,3,1,1,43,0,1
2008,4,16,3,29,3959,1,A4,3,2,2,38,0,1
2008,4,16,4,29,3959,1,A11,3,4,1,62,1,1
2008,4,16,5,29,3959,1,A9,3,3,1,82,1,1
2008,4,16,6,29,3959,1,A7,3,3,1,43,0,1
2008,4,16,7,29,3959,1,A16,1,6,1,33,0,1
2008,4,16,8,29,3959,1,A6,3,2,1,43,0,1
2008,4,16,9,29,3959,3,C1,4,1,2,28,0,1
2008,4,16,10,29,3959,4,P6,2,2,1,43,1,1
2008,4,16,1,9,3960,1,A2,3,1,1,43,0,1
2008,4,16,2,9,3960,1,A7,3,3,1,43,0,1
2008,4,16,1,9,3961,1,A9,3,3,1,82,1,1
2008,4,16,2,9,3961,1,A10,3,4,1,38,0,1
2008,4,16,3,9,3961,1,A6,3,2,1,43,0,1
2008,4,16,4,9,3961,1,A8,3,3,1,62,1,1
2008,4,16,5,9,3961,1,A9,3,3,1,82,1,1
2008,4,16,6,9,3961,1,A10,3,4,1,38,0,1
2008,4,16,7,9,3961,1,A12,2,4,1,38,0,1
2008,4,16,8,9,3961,1,A10,3,4,1,38,0,1
2008,4,16,9,9,3961,1,A12,2,4,1,38,0,1
2008,4,16,10,9,3961,1,A10,3,4,1,38,0,1
2008,4,16,1,9,3962,3,C17,14,6,1,48,1,1
2008,4,16,2,9,3962,3,C29,6,4,2,52,1,2
2008,4,16,3,9,3962,3,C41,13,2,1,28,0,3
2008,4,16,4,9,3962,3,C40,14,2,2,28,0,3
2008,4,16,1,9,3963,3,C2,12,1,1,43,1,1
2008,4,16,2,9,3963,3,C22,11,2,2,43,1,2
2008,4,16,3,9,3963,2,B16,12,6,1,52,1,1
2008,4,16,4,9,3963,1,A5,3,2,1,43,0,1
2008,4,16,5,9,3963,1,A16,1,6,1,33,0,1
2008,4,16,6,9,3963,2,B11,2,4,1,43,0,1
2008,4,16,7,9,3963,2,B1,4,1,1,57,1,1
2008,4,16,8,9,3963,1,A5,3,2,1,43,0,1
2008,4,16,9,9,3963,3,C38,13,1,1,38,0,3
2008,4,16,10,9,3963,3,C48,6,4,1,28,0,3
2008,4,16,11,9,3963,1,A5,3,2,1,43,0,1
2008,4,16,12,9,3963,2,B23,7,2,1,38,0,2
2008,4,16,13,9,3963,2,B16,12,6,1,52,1,1
2008,4,16,14,9,3963,1,A41,4,2,1,43,0,3
2008,4,16,15,9,3963,1,A41,4,2,1,43,0,3
2008,4,16,1,29,3964,4,P20,7,1,1,23,0,2
2008,4,16,2,29,3964,4,P20,7,1,1,23,0,2
2008,4,16,3,29,3964,3,C11,7,4,1,33,0,1
2008,4,16,4,29,3964,4,P20,7,1,1,23,0,2
2008,4,16,5,29,3964,3,C11,7,4,1,33,0,1
2008,4,16,6,29,3964,3,C23,3,2,1,43,1,2
2008,4,16,7,29,3964,3,C26,14,3,1,28,0,2
2008,4,16,8,29,3964,3,C27,11,3,1,48,1,2
2008,4,16,9,29,3964,3,C40,14,2,2,28,0,3
2008,4,16,10,29,3964,3,C42,7,2,1,28,0,3
2008,4,16,11,29,3964,3,C41,13,2,1,28,0,3
2008,4,16,12,29,3964,3,C51,6,5,1,20,0,3
2008,4,16,13,29,3964,3,C46,2,4,1,48,1,3
2008,4,16,14,29,3964,2,B4,10,2,1,52,1,1
2008,4,16,15,29,3964,1,A28,1,4,2,43,0,2
2008,4,16,16,29,3964,1,A31,6,5,2,62,1,2
2008,4,16,17,29,3964,1,A41,4,2,1,43,0,3
2008,4,16,1,9,3965,1,A2,3,1,1,43,0,1
2008,4,16,1,41,3966,3,C17,14,6,1,48,1,1
2008,4,16,1,29,3967,4,P1,3,1,1,38,1,1
2008,4,16,1,9,3968,1,A21,1,1,1,62,1,2
2008,4,16,2,9,3968,1,A29,2,4,1,60,1,2
2008,4,16,3,9,3968,1,A39,4,1,1,38,0,3
2008,4,16,1,10,3969,2,B23,7,2,1,38,0,2
2008,4,16,2,10,3969,2,B30,9,4,1,57,1,2
2008,4,16,1,29,3970,2,B11,2,4,1,43,0,1
2008,4,16,2,29,3970,2,B25,6,3,1,38,0,2
2008,4,16,3,29,3970,2,B26,13,3,1,57,1,2
2008,4,16,4,29,3970,3,C9,6,3,1,48,1,1
2008,4,16,5,29,3970,3,C33,14,5,1,48,1,2
2008,4,16,6,29,3970,3,C40,14,2,2,28,0,3
2008,4,16,7,29,3970,3,C53,14,6,1,38,0,3
2008,4,17,1,29,4180,2,B24,11,2,1,57,1,2
2008,4,17,2,29,4180,2,B28,9,4,1,38,0,2
2008,4,17,1,15,4181,2,B29,2,4,1,62,1,2
2008,4,17,2,15,4181,2,B24,11,2,1,57,1,2
2008,4,17,3,15,4181,2,B11,2,4,1,43,0,1
2008,4,17,1,29,4182,4,P1,3,1,1,38,1,1
2008,4,17,1,29,4183,4,P15,4,5,2,38,1,1
2008,4,17,2,29,4183,4,P14,2,5,2,38,1,1
2008,4,17,3,29,4183,1,A12,2,4,1,38,0,1
2008,4,17,4,29,4183,1,A7,3,3,1,43,0,1
2008,4,17,5,29,4183,2,B11,2,4,1,43,0,1
2008,4,17,6,29,4183,2,B24,11,2,1,57,1,2
2008,4,17,7,29,4183,2,B30,9,4,1,57,1,2
2008,4,17,8,29,4183,4,P70,6,6,2,38,1,4
2008,4,17,9,29,4183,4,P2,3,1,1,28,0,1
2008,4,17,1,9,4184,1,A11,3,4,1,62,1,1
2008,4,17,2,9,4184,1,A10,3,4,1,38,0,1
2008,4,17,3,9,4184,1,A12,2,4,1,38,0,1
2008,4,17,4,9,4184,1,A12,2,4,1,38,0,1
2008,4,17,5,9,4184,1,A10,3,4,1,38,0,1
2008,4,17,6,9,4184,1,A12,2,4,1,38,0,1
2008,4,17,7,9,4184,1,A12,2,4,1,38,0,1
2008,4,17,8,9,4184,1,A17,2,6,1,62,1,1
2008,4,17,9,9,4184,1,A12,2,4,1,38,0,1
2008,4,18,1,29,4406,1,A18,4,6,1,38,0,1
2008,4,18,2,29,4406,1,A43,2,3,1,62,1,3
2008,4,18,1,29,4407,1,A16,1,6,1,33,0,1
2008,4,18,2,29,4407,1,A21,1,1,1,62,1,2
2008,4,18,3,29,4407,2,B12,2,4,1,38,0,1
2008,4,18,4,29,4407,2,B21,12,1,1,67,1,2
2008,4,18,5,29,4407,4,P4,4,2,1,38,1,1
2008,4,18,6,29,4407,4,P3,2,1,1,48,1,1
2008,4,18,7,29,4407,4,P7,4,3,2,28,0,1
2008,4,18,8,29,4407,4,P9,4,3,2,23,0,1
2008,4,18,9,29,4407,4,P15,4,5,2,38,1,1
2008,4,18,10,29,4407,4,P23,6,2,2,28,0,2
2008,4,18,11,29,4407,4,P27,6,3,2,33,0,2
2008,4,18,12,29,4407,4,P11,4,4,2,38,1,1
2008,4,18,13,29,4407,1,A22,4,2,1,62,1,2
2008,4,18,14,29,4407,1,A33,1,5,1,38,0,2
2008,4,18,15,29,4407,1,A30,6,4,1,38,0,2
2008,4,18,16,29,4407,1,A40,4,2,2,38,0,3
2008,4,18,17,29,4407,1,A38,6,1,1,62,1,3
2008,4,18,18,29,4407,1,A41,4,2,1,43,0,3
2008,4,18,19,29,4407,2,B1,4,1,1,57,1,1
2008,4,18,20,29,4407,2,B9,1,3,1,48,0,1
2008,4,18,21,29,4407,2,B16,12,6,1,52,1,1
2008,4,18,22,29,4407,2,B23,7,2,1,38,0,2
2008,4,18,23,29,4407,3,C2,12,1,1,43,1,1
2008,4,19,1,29,4627,2,B13,12,5,2,62,1,1
2008,4,19,2,29,4627,2,B10,2,4,1,67,1,1
2008,4,19,3,29,4627,2,B23,7,2,1,38,0,2
2008,4,19,4,29,4627,2,B31,9,5,1,57,1,2
2008,4,19,5,29,4627,2,B32,6,5,1,38,0,2
2008,4,19,6,29,4627,2,B19,13,1,1,38,0,2
2008,4,19,7,29,4627,2,B31,9,5,1,57,1,2
2008,4,19,8,29,4627,4,P33,9,5,1,43,1,2
2008,4,19,9,29,4627,4,P36,2,6,1,43,1,2
2008,4,19,1,29,4628,2,B10,2,4,1,67,1,1
2008,4,19,2,29,4628,2,B14,2,5,1,62,1,1
2008,4,19,3,29,4628,2,B21,12,1,1,67,1,2
2008,4,19,4,29,4628,2,B22,2,2,1,67,1,2
2008,4,19,5,29,4628,2,B24,11,2,1,57,1,2
2008,4,19,6,29,4628,2,B33,6,5,2,33,0,2
2008,4,19,1,29,4629,4,P56,2,1,1,33,0,4
2008,4,19,2,29,4629,4,P77,7,2,1,43,1,5
2008,4,19,3,29,4629,2,B26,13,3,1,57,1,2
2008,4,19,4,29,4629,1,A15,14,5,2,33,0,1
2008,4,19,5,29,4629,1,A23,6,2,2,33,0,2
2008,4,19,1,29,4630,1,A12,2,4,1,38,0,1
2008,4,19,2,29,4630,1,A2,3,1,1,43,0,1
2008,4,19,3,29,4630,1,A17,2,6,1,62,1,1
2008,4,19,4,29,4630,1,A7,3,3,1,43,0,1
2008,4,19,5,29,4630,2,B4,10,2,1,52,1,1
2008,4,19,6,29,4630,2,B12,2,4,1,38,0,1
2008,4,19,7,29,4630,3,C10,9,4,2,28,0,1
2008,4,19,8,29,4630,3,C14,9,5,1,23,0,1
2008,4,19,9,29,4630,3,C5,11,2,1,48,1,1
2008,4,19,10,29,4630,3,C8,2,3,2,48,1,1
2008,4,20,1,29,4807,1,A3,3,1,1,72,1,1
2008,4,20,2,29,4807,1,A9,3,3,1,82,1,1
2008,4,20,3,29,4807,1,A5,3,2,1,43,0,1
2008,4,20,4,29,4807,1,A6,3,2,1,43,0,1
2008,4,20,5,29,4807,1,A6,3,2,1,43,0,1
2008,4,20,1,29,4808,3,C5,11,2,1,48,1,1
2008,4,20,2,29,4808,3,C42,7,2,1,28,0,3
2008,4,20,3,29,4808,2,B13,12,5,2,62,1,1
2008,4,20,4,29,4808,4,P1,3,1,1,38,1,1
2008,4,20,5,29,4808,4,P6,2,2,1,43,1,1
2008,4,20,1,29,4809,3,C14,9,5,1,23,0,1
2008,4,20,2,29,4809,3,C24,12,2,1,33,0,2
2008,4,20,3,29,4809,3,C42,7,2,1,28,0,3
2008,4,20,4,29,4809,3,C56,6,1,2,57,1,4
2008,4,20,5,29,4809,4,P1,3,1,1,38,1,1
2008,4,20,6,29,4809,4,P10,4,4,2,65,1,1
2008,4,20,7,29,4809,4,P26,4,3,1,43,1,2
2008,4,20,8,29,4809,4,P39,14,1,1,43,1,3
2008,4,20,9,29,4809,4,P44,11,3,2,28,0,3
2008,4,20,10,29,4809,4,P46,14,4,1,28,0,3
2008,4,20,11,29,4809,4,P47,14,4,1,28,0,3
2008,4,20,12,29,4809,4,P50,6,5,2,33,0,3
2008,4,20,13,29,4809,4,P61,1,3,2,28,0,4
2008,4,20,14,29,4809,4,P76,2,2,2,43,1,5
2008,4,20,15,29,4809,4,P77,7,2,1,43,1,5
2008,4,20,16,29,4809,4,P77,7,2,1,43,1,5
2008,4,20,17,29,4809,4,P80,7,3,1,28,0,5
2008,4,20,18,29,4809,4,P81,4,3,2,43,1,5
2008,4,20,19,29,4809,4,P82,6,4,2,48,1,5
2008,4,20,20,29,4809,3,C56,6,1,2,57,1,4
2008,4,20,21,29,4809,4,P80,7,3,1,28,0,5
2008,4,20,22,29,4809,4,P75,7,1,1,33,0,5
2008,4,20,23,29,4809,4,P74,12,1,2,33,0,5
2008,4,20,24,29,4809,4,P73,11,1,2,33,0,5
2008,4,20,25,29,4809,4,P72,14,6,1,33,0,4
2008,4,20,26,29,4809,4,P71,2,6,2,33,0,4
2008,4,20,27,29,4809,3,C14,9,5,1,23,0,1
2008,4,20,28,29,4809,3,C14,9,5,1,23,0,1
2008,4,20,29,29,4809,3,C13,9,5,1,48,1,1
2008,4,20,30,29,4809,3,C56,6,1,2,57,1,4
2008,4,20,31,29,4809,3,C56,6,1,2,57,1,4
2008,4,20,32,29,4809,4,P46,14,4,1,28,0,3
2008,4,20,33,29,4809,4,P61,1,3,2,28,0,4
2008,4,20,34,29,4809,4,P75,7,1,1,33,0,5
2008,4,20,35,29,4809,4,P80,7,3,1,28,0,5
2008,4,20,36,29,4809,4,P80,7,3,1,28,0,5
2008,4,20,37,29,4809,3,C56,6,1,2,57,1,4
2008,4,20,38,29,4809,3,C57,5,1,2,33,0,4
2008,4,20,39,29,4809,3,C56,6,1,2,57,1,4
2008,4,20,40,29,4809,3,C56,6,1,2,57,1,4
2008,4,20,41,29,4809,4,P11,4,4,2,38,1,1
2008,4,20,42,29,4809,4,P46,14,4,1,28,0,3
2008,4,21,1,29,4998,3,C5,11,2,1,48,1,1
2008,4,21,2,29,4998,3,C15,6,5,1,33,0,1
2008,4,21,3,29,4998,4,P48,9,4,2,33,0,3
2008,4,21,4,29,4998,4,P46,14,4,1,28,0,3
2008,4,21,5,29,4998,4,P50,6,5,2,33,0,3
2008,4,21,6,29,4998,4,P56,2,1,1,33,0,4
2008,4,21,7,29,4998,4,P60,14,2,1,28,0,4
2008,4,21,8,29,4998,4,P70,6,6,2,38,1,4
2008,4,21,9,29,4998,4,P70,6,6,2,38,1,4
2008,4,21,10,29,4998,4,P70,6,6,2,38,1,4
2008,4,21,11,29,4998,4,P59,2,2,2,38,1,4
2008,4,21,1,29,4999,4,P46,14,4,1,28,0,3
2008,4,21,2,29,4999,4,P72,14,6,1,33,0,4
2008,4,21,3,29,4999,4,P82,6,4,2,48,1,5
2008,4,21,4,29,4999,3,C56,6,1,2,57,1,4
2008,4,21,5,29,4999,3,C57,5,1,2,33,0,4
2008,4,21,6,29,4999,4,P82,6,4,2,48,1,5
2008,4,21,1,29,5000,3,C38,13,1,1,38,0,3
2008,4,21,1,29,5001,4,P37,2,1,1,43,1,3
2008,4,21,2,29,5001,4,P40,4,2,1,43,1,3
2008,4,21,3,29,5001,4,P39,14,1,1,43,1,3
2008,4,21,4,29,5001,4,P78,14,2,2,48,1,5
2008,4,21,5,29,5001,4,P75,7,1,1,33,0,5
2008,4,21,1,9,5002,1,A13,1,5,1,28,0,1
2008,4,21,2,9,5002,1,A3,3,1,1,72,1,1
2008,4,21,3,9,5002,2,B16,12,6,1,52,1,1
2008,4,21,4,9,5002,3,C2,12,1,1,43,1,1
2008,4,21,5,9,5002,3,C11,7,4,1,33,0,1
2008,4,21,1,9,5003,1,A15,14,5,2,33,0,1
2008,4,21,2,9,5003,1,A14,3,5,1,60,1,1
2008,4,21,3,9,5003,1,A16,1,6,1,33,0,1
2008,4,21,1,29,5004,3,C9,6,3,1,48,1,1
2008,4,21,2,29,5004,3,C24,12,2,1,33,0,2
2008,4,21,3,29,5004,3,C29,6,4,2,52,1,2
2008,4,21,4,29,5004,3,C35,9,6,1,50,1,2
2008,4,21,5,29,5004,2,B17,6,6,2,38,0,1
2008,4,21,1,9,5005,3,C36,14,6,1,43,1,2
2008,4,21,1,3,5006,4,P1,3,1,1,38,1,1
2008,4,21,2,3,5006,4,P3,2,1,1,48,1,1
2008,4,21,3,3,5006,4,P23,6,2,2,28,0,2
2008,4,21,4,3,5006,4,P50,6,5,2,33,0,3
2008,4,21,5,3,5006,4,P82,6,4,2,48,1,5
2008,4,21,6,3,5006,3,C26,14,3,1,28,0,2
2008,4,21,7,3,5006,3,C29,6,4,2,52,1,2
2008,4,21,8,3,5006,3,C31,12,5,1,33,0,2
2008,4,21,9,3,5006,3,C40,14,2,2,28,0,3
2008,4,21,10,3,5006,1,A4,3,2,2,38,0,1
2008,4,21,11,3,5006,1,A7,3,3,1,43,0,1
2008,4,21,12,3,5006,1,A10,3,4,1,38,0,1
2008,4,21,13,3,5006,1,A32,2,5,1,38,0,2
2008,4,21,14,3,5006,1,A31,6,5,2,62,1,2
2008,4,21,15,3,5006,1,A30,6,4,1,38,0,2
2008,4,21,16,3,5006,1,A33,1,5,1,38,0,2
2008,4,21,17,3,5006,3,C36,14,6,1,43,1,2
2008,4,21,18,3,5006,3,C31,12,5,1,33,0,2
2008,4,21,19,3,5006,3,C29,6,4,2,52,1,2
2008,4,21,20,3,5006,2,B32,6,5,1,38,0,2
2008,4,21,21,3,5006,4,P50,6,5,2,33,0,3
2008,4,21,22,3,5006,4,P3,2,1,1,48,1,1
2008,4,21,1,9,5007,1,A2,3,1,1,43,0,1
2008,4,22,1,29,5222,4,P80,7,3,1,28,0,5
2008,4,22,2,29,5222,2,B10,2,4,1,67,1,1
2008,4,22,3,29,5222,2,B25,6,3,1,38,0,2
2008,4,22,4,29,5222,2,B27,2,3,1,57,1,2
2008,4,22,5,29,5222,4,P75,7,1,1,33,0,5
2008,4,22,6,29,5222,4,P46,14,4,1,28,0,3
2008,4,22,7,29,5222,4,P44,11,3,2,28,0,3
2008,4,22,8,29,5222,4,P47,14,4,1,28,0,3
2008,4,22,9,29,5222,4,P46,14,4,1,28,0,3
2008,4,22,1,29,5223,2,B23,7,2,1,38,0,2
2008,4,22,2,29,5223,2,B30,9,4,1,57,1,2
2008,4,22,3,29,5223,2,B24,11,2,1,57,1,2
2008,4,22,1,29,5224,2,B1,4,1,1,57,1,1
2008,4,22,2,29,5224,2,B4,10,2,1,52,1,1
2008,4,22,3,29,5224,2,B14,2,5,1,62,1,1
2008,4,22,4,29,5224,2,B24,11,2,1,57,1,2
2008,4,22,5,29,5224,2,B13,12,5,2,62,1,1
2008,4,22,6,29,5224,4,P26,4,3,1,43,1,2
2008,4,22,7,29,5224,4,P23,6,2,2,28,0,2
2008,4,22,8,29,5224,3,C50,9,5,2,20,0,3
2008,4,22,9,29,5224,3,C11,7,4,1,33,0,1
2008,4,22,1,9,5225,1,A3,3,1,1,72,1,1
2008,4,22,2,9,5225,1,A13,1,5,1,28,0,1
2008,4,22,3,9,5225,1,A11,3,4,1,62,1,1
2008,4,22,4,9,5225,2,B1,4,1,1,57,1,1
2008,4,22,5,9,5225,2,B4,10,2,1,52,1,1
2008,4,22,1,9,5226,1,A4,3,2,2,38,0,1
2008,4,22,1,9,5227,1,A2,3,1,1,43,0,1
2008,4,22,2,9,5227,1,A5,3,2,1,43,0,1
2008,4,22,3,9,5227,1,A10,3,4,1,38,0,1
2008,4,22,4,9,5227,2,B1,4,1,1,57,1,1
2008,4,22,5,9,5227,2,B15,9,5,1,38,0,1
2008,4,23,1,29,5440,2,B4,10,2,1,52,1,1
2008,4,23,2,29,5440,1,A27,3,3,1,55,1,2
2008,4,23,3,29,5440,1,A28,1,4,2,43,0,2
2008,4,23,4,29,5440,1,A36,1,6,1,33,0,2
2008,4,23,5,29,5440,4,P4,4,2,1,38,1,1
2008,4,23,6,29,5440,1,A36,1,6,1,33,0,2
2008,4,23,7,29,5440,2,B4,10,2,1,52,1,1
2008,4,23,1,29,5441,1,A21,1,1,1,62,1,2
2008,4,23,2,29,5441,1,A31,6,5,2,62,1,2
2008,4,23,3,29,5441,3,C36,14,6,1,43,1,2
2008,4,23,4,29,5441,1,A31,6,5,2,62,1,2
2008,4,23,5,29,5441,3,C36,14,6,1,43,1,2
2008,4,23,6,29,5441,1,A21,1,1,1,62,1,2
2008,4,23,7,29,5441,3,C56,6,1,2,57,1,4
2008,4,23,8,29,5441,4,P5,3,2,1,23,0,1
2008,4,23,9,29,5441,2,B4,10,2,1,52,1,1
2008,4,23,10,29,5441,2,B25,6,3,1,38,0,2
2008,4,23,11,29,5441,2,B23,7,2,1,38,0,2
2008,4,23,12,29,5441,2,B10,2,4,1,67,1,1
2008,4,23,13,29,5441,2,B1,4,1,1,57,1,1
2008,4,23,14,29,5441,1,A31,6,5,2,62,1,2
2008,4,23,15,29,5441,3,C1,4,1,2,28,0,1
2008,4,23,16,29,5441,3,C35,9,6,1,50,1,2
2008,4,23,17,29,5441,3,C36,14,6,1,43,1,2
2008,4,23,18,29,5441,3,C37,2,1,1,43,1,3
2008,4,23,19,29,5441,3,C56,6,1,2,57,1,4
2008,4,23,20,29,5441,3,C57,5,1,2,33,0,4
2008,4,23,21,29,5441,1,A31,6,5,2,62,1,2
2008,4,23,22,29,5441,3,C36,14,6,1,43,1,2
2008,4,23,23,29,5441,3,C36,14,6,1,43,1,2
2008,4,23,24,29,5441,3,C56,6,1,2,57,1,4
2008,4,23,25,29,5441,3,C1,4,1,2,28,0,1
2008,4,23,26,29,5441,3,C17,14,6,1,48,1,1
2008,4,23,27,29,5441,3,C12,14,4,1,43,1,1
2008,4,23,28,29,5441,3,C6,6,2,1,33,0,1
2008,4,23,29,29,5441,3,C9,6,3,1,48,1,1
2008,4,23,30,29,5441,3,C34,7,6,1,48,1,2
2008,4,23,31,29,5441,3,C36,14,6,1,43,1,2
2008,4,23,32,29,5441,3,C44,14,3,1,55,1,3
2008,4,23,33,29,5441,3,C54,14,6,1,57,1,3
2008,4,23,34,29,5441,3,C58,14,2,2,48,1,4
2008,4,23,35,29,5441,3,C36,14,6,1,43,1,2
2008,4,23,36,29,5441,3,C36,14,6,1,43,1,2
2008,4,23,37,29,5441,4,P16,7,6,1,33,0,1
2008,4,24,1,29,5639,1,A15,14,5,2,33,0,1
2008,4,24,2,29,5639,1,A13,1,5,1,28,0,1
2008,4,24,3,29,5639,1,A28,1,4,2,43,0,2
2008,4,24,4,29,5639,1,A21,1,1,1,62,1,2
2008,4,24,5,29,5639,1,A31,6,5,2,62,1,2
2008,4,24,6,29,5639,1,A33,1,5,1,38,0,2
2008,4,24,7,29,5639,1,A21,1,1,1,62,1,2
2008,4,24,8,29,5639,1,A41,4,2,1,43,0,3
2008,4,24,9,29,5639,3,C6,6,2,1,33,0,1
2008,4,24,10,29,5639,3,C12,14,4,1,43,1,1
2008,4,24,11,29,5639,3,C26,14,3,1,28,0,2
2008,4,24,12,29,5639,3,C34,7,6,1,48,1,2
2008,4,24,13,29,5639,3,C36,14,6,1,43,1,2
2008,4,24,14,29,5639,3,C51,6,5,1,20,0,3
2008,4,24,15,29,5639,3,C37,2,1,1,43,1,3
2008,4,24,16,29,5639,4,P50,6,5,2,33,0,3
2008,4,24,17,29,5639,4,P48,9,4,2,33,0,3
2008,4,24,18,29,5639,4,P55,14,1,2,33,0,4
2008,4,24,19,29,5639,4,P76,2,2,2,43,1,5
2008,4,24,20,29,5639,4,P82,6,4,2,48,1,5
2008,4,24,21,29,5639,3,C42,7,2,1,28,0,3
2008,4,24,22,29,5639,3,C34,7,6,1,48,1,2
2008,4,24,23,29,5639,3,C36,14,6,1,43,1,2
2008,4,24,1,29,5640,3,C26,14,3,1,28,0,2
2008,4,24,2,29,5640,3,C36,14,6,1,43,1,2
2008,4,24,3,29,5640,3,C29,6,4,2,52,1,2
2008,4,24,4,29,5640,3,C36,14,6,1,43,1,2
2008,4,24,5,29,5640,1,A15,14,5,2,33,0,1
2008,4,24,6,29,5640,1,A35,14,6,2,33,0,2
2008,4,24,7,29,5640,1,A31,6,5,2,62,1,2
2008,4,24,1,29,5641,1,A10,3,4,1,38,0,1
2008,4,24,2,29,5641,1,A1,8,1,1,28,0,1
2008,4,24,3,29,5641,1,A5,3,2,1,43,0,1
2008,4,24,4,29,5641,1,A12,2,4,1,38,0,1
2008,4,24,5,29,5641,1,A6,3,2,1,43,0,1
2008,4,24,6,29,5641,3,C34,7,6,1,48,1,2
2008,4,24,7,29,5641,1,A4,3,2,2,38,0,1
2008,4,24,8,29,5641,1,A9,3,3,1,82,1,1
2008,4,24,9,29,5641,1,A8,3,3,1,62,1,1
2008,4,24,1,16,5642,1,A3,3,1,1,72,1,1
2008,4,24,2,16,5642,1,A10,3,4,1,38,0,1
2008,4,24,3,16,5642,1,A8,3,3,1,62,1,1
2008,4,24,4,16,5642,1,A9,3,3,1,82,1,1
2008,4,24,5,16,5642,2,B9,1,3,1,48,0,1
2008,4,24,6,16,5642,1,A12,2,4,1,38,0,1
2008,4,24,1,29,5643,4,P1,3,1,1,38,1,1
2008,4,24,2,29,5643,1,A15,14,5,2,33,0,1
2008,4,24,3,29,5643,3,C34,7,6,1,48,1,2
2008,4,24,4,29,5643,3,C13,9,5,1,48,1,1
2008,4,24,5,29,5643,4,P1,3,1,1,38,1,1
2008,4,24,1,9,5644,1,A11,3,4,1,62,1,1
2008,4,24,2,9,5644,2,B16,12,6,1,52,1,1
2008,4,24,1,9,5645,1,A10,3,4,1,38,0,1
2008,4,24,2,9,5645,1,A6,3,2,1,43,0,1
2008,4,24,3,9,5645,1,A2,3,1,1,43,0,1
2008,4,25,1,9,5822,1,A4,3,2,2,38,0,1
2008,4,25,2,9,5822,1,A4,3,2,2,38,0,1
2008,4,25,3,9,5822,1,A31,6,5,2,62,1,2
2008,4,25,4,9,5822,2,B3,12,1,1,52,1,1
2008,4,25,1,29,5823,1,A7,3,3,1,43,0,1
2008,4,25,2,29,5823,2,B7,6,3,1,38,0,1
2008,4,25,3,29,5823,2,B8,4,3,2,52,1,1
2008,4,25,4,29,5823,2,B20,8,1,1,43,0,2
2008,4,25,5,29,5823,2,B26,13,3,1,57,1,2
2008,4,25,6,29,5823,2,B24,11,2,1,57,1,2
2008,4,25,7,29,5823,2,B32,6,5,1,38,0,2
2008,4,25,8,29,5823,3,C46,2,4,1,48,1,3
2008,4,25,9,29,5823,4,P32,3,5,2,43,1,2
2008,4,25,10,29,5823,4,P33,9,5,1,43,1,2
2008,4,25,11,29,5823,4,P26,4,3,1,43,1,2
2008,4,25,12,29,5823,4,P24,6,2,1,43,1,2
2008,4,25,13,29,5823,4,P50,6,5,2,33,0,3
2008,4,25,14,29,5823,4,P70,6,6,2,38,1,4
2008,4,25,15,29,5823,4,P72,14,6,1,33,0,4
2008,4,25,16,29,5823,4,P65,9,4,2,43,1,4
2008,4,25,1,21,5824,1,A1,8,1,1,28,0,1
2008,4,25,2,21,5824,1,A7,3,3,1,43,0,1
2008,4,25,3,21,5824,3,C1,4,1,2,28,0,1
2008,4,25,1,29,5825,4,P48,9,4,2,33,0,3
2008,4,25,2,29,5825,3,C9,6,3,1,48,1,1
2008,4,25,3,29,5825,3,C44,14,3,1,55,1,3
2008,4,25,1,24,5826,2,B16,12,6,1,52,1,1
2008,4,25,2,24,5826,2,B1,4,1,1,57,1,1
2008,4,25,1,29,5827,1,A11,3,4,1,62,1,1
2008,4,25,2,29,5827,1,A3,3,1,1,72,1,1
2008,4,25,3,29,5827,1,A2,3,1,1,43,0,1
2008,4,25,4,29,5827,1,A6,3,2,1,43,0,1
2008,4,25,5,29,5827,1,A10,3,4,1,38,0,1
2008,4,25,6,29,5827,1,A9,3,3,1,82,1,1
2008,4,25,1,29,5828,1,A2,3,1,1,43,0,1
2008,4,25,2,29,5828,1,A5,3,2,1,43,0,1
2008,4,25,1,9,5829,3,C40,14,2,2,28,0,3
2008,4,25,2,9,5829,3,C40,14,2,2,28,0,3
2008,4,25,1,9,5830,2,B13,12,5,2,62,1,1
2008,4,25,2,9,5830,3,C14,9,5,1,23,0,1
2008,4,25,3,9,5830,3,C17,14,6,1,48,1,1
2008,4,25,1,9,5831,1,A7,3,3,1,43,0,1
2008,4,25,2,9,5831,1,A3,3,1,1,72,1,1
2008,4,25,3,9,5831,1,A3,3,1,1,72,1,1
2008,4,25,4,9,5831,1,A6,3,2,1,43,0,1
2008,4,25,5,9,5831,1,A8,3,3,1,62,1,1
2008,4,25,6,9,5831,1,A9,3,3,1,82,1,1
2008,4,25,7,9,5831,1,A10,3,4,1,38,0,1
2008,4,25,8,9,5831,1,A11,3,4,1,62,1,1
2008,4,25,9,9,5831,1,A16,1,6,1,33,0,1
2008,4,25,10,9,5831,1,A15,14,5,2,33,0,1
2008,4,25,11,9,5831,1,A21,1,1,1,62,1,2
2008,4,25,12,9,5831,2,B2,3,1,2,57,1,1
2008,4,25,13,9,5831,2,B16,12,6,1,52,1,1
2008,4,25,14,9,5831,2,B3,12,1,1,52,1,1
2008,4,25,15,9,5831,3,C11,7,4,1,33,0,1
2008,4,25,16,9,5831,3,C14,9,5,1,23,0,1
2008,4,25,17,9,5831,3,C24,12,2,1,33,0,2
2008,4,25,18,9,5831,3,C35,9,6,1,50,1,2
2008,4,25,19,9,5831,3,C21,14,1,1,57,1,2
2008,4,25,20,9,5831,3,C56,6,1,2,57,1,4
2008,4,25,21,9,5831,3,C33,14,5,1,48,1,2
2008,4,25,22,9,5831,3,C5,11,2,1,48,1,1
2008,4,25,23,9,5831,3,C4,4,2,1,48,1,1
2008,4,25,1,24,5832,1,A41,4,2,1,43,0,3
2008,4,25,1,29,5833,4,P1,3,1,1,38,1,1
2008,4,25,2,29,5833,4,P2,3,1,1,28,0,1
2008,4,25,3,29,5833,4,P3,2,1,1,48,1,1
2008,4,25,4,29,5833,4,P5,3,2,1,23,0,1
2008,4,25,5,29,5833,4,P6,2,2,1,43,1,1
2008,4,25,6,29,5833,4,P7,4,3,2,28,0,1
2008,4,25,7,29,5833,4,P8,2,3,1,28,0,1
2008,4,25,8,29,5833,4,P9,4,3,2,23,0,1
2008,4,25,9,29,5833,4,P10,4,4,2,65,1,1
2008,4,25,10,29,5833,4,P11,4,4,2,38,1,1
2008,4,25,11,29,5833,4,P13,4,5,1,38,1,1
2008,4,25,12,29,5833,4,P14,2,5,2,38,1,1
2008,4,25,13,29,5833,4,P15,4,5,2,38,1,1
2008,4,25,14,29,5833,4,P16,7,6,1,33,0,1
2008,4,25,15,29,5833,4,P17,2,6,2,38,1,1
2008,4,25,16,29,5833,4,P17,2,6,2,38,1,1
2008,4,25,17,29,5833,4,P18,2,6,1,28,0,1
2008,4,25,18,29,5833,4,P19,2,1,1,48,1,2
2008,4,25,19,29,5833,4,P20,7,1,1,23,0,2
2008,4,25,20,29,5833,4,P21,4,1,1,33,0,2
2008,4,25,21,29,5833,4,P23,6,2,2,28,0,2
2008,4,25,22,29,5833,4,P24,6,2,1,43,1,2
2008,4,25,23,29,5833,4,P25,2,3,2,43,1,2
2008,4,25,24,29,5833,4,P26,4,3,1,43,1,2
2008,4,25,25,29,5833,4,P27,6,3,2,33,0,2
2008,4,25,26,29,5833,4,P29,5,4,2,33,0,2
2008,4,25,27,29,5833,4,P30,4,4,1,33,0,2
2008,4,25,28,29,5833,4,P31,2,5,2,33,0,2
2008,4,25,29,29,5833,4,P32,3,5,2,43,1,2
2008,4,25,30,29,5833,4,P33,9,5,1,43,1,2
2008,4,25,31,29,5833,4,P34,9,6,2,48,1,2
2008,4,25,32,29,5833,4,P35,4,6,1,28,0,2
2008,4,25,33,29,5833,4,P36,2,6,1,43,1,2
2008,4,25,34,29,5833,4,P49,14,5,1,33,0,3
2008,4,25,35,29,5833,4,P47,14,4,1,28,0,3
2008,4,25,36,29,5833,4,P46,14,4,1,28,0,3
2008,4,25,37,29,5833,4,P63,14,3,2,28,0,4
2008,4,26,1,29,6009,1,A1,8,1,1,28,0,1
2008,4,26,2,29,6009,1,A2,3,1,1,43,0,1
2008,4,26,3,29,6009,1,A3,3,1,1,72,1,1
2008,4,26,4,29,6009,1,A3,3,1,1,72,1,1
2008,4,26,5,29,6009,1,A4,3,2,2,38,0,1
2008,4,26,6,29,6009,1,A15,14,5,2,33,0,1
2008,4,26,7,29,6009,1,A7,3,3,1,43,0,1
2008,4,26,8,29,6009,1,A10,3,4,1,38,0,1
2008,4,26,1,29,6010,2,B23,7,2,1,38,0,2
2008,4,26,2,29,6010,2,B4,10,2,1,52,1,1
2008,4,26,3,29,6010,2,B13,12,5,2,62,1,1
2008,4,26,4,29,6010,2,B2,3,1,2,57,1,1
2008,4,26,5,29,6010,2,B31,9,5,1,57,1,2
2008,4,26,6,29,6010,2,B23,7,2,1,38,0,2
2008,4,26,7,29,6010,3,C10,9,4,2,28,0,1
2008,4,26,8,29,6010,3,C4,4,2,1,48,1,1
2008,4,26,9,29,6010,3,C1,4,1,2,28,0,1
2008,4,26,10,29,6010,3,C1,4,1,2,28,0,1
2008,4,26,11,29,6010,3,C29,6,4,2,52,1,2
2008,4,26,12,29,6010,3,C34,7,6,1,48,1,2
2008,4,26,13,29,6010,3,C35,9,6,1,50,1,2
2008,4,26,14,29,6010,3,C36,14,6,1,43,1,2
2008,4,26,15,29,6010,3,C40,14,2,2,28,0,3
2008,4,26,16,29,6010,3,C54,14,6,1,57,1,3
2008,4,26,17,29,6010,3,C56,6,1,2,57,1,4
2008,4,26,1,9,6011,1,A1,8,1,1,28,0,1
2008,4,26,2,9,6011,1,A2,3,1,1,43,0,1
2008,4,26,3,9,6011,1,A3,3,1,1,72,1,1
2008,4,26,4,9,6011,1,A6,3,2,1,43,0,1
2008,4,26,5,9,6011,1,A11,3,4,1,62,1,1
2008,4,26,6,9,6011,1,A9,3,3,1,82,1,1
2008,4,26,1,9,6012,2,B31,9,5,1,57,1,2
2008,4,26,1,29,6013,1,A24,2,2,1,48,1,2
2008,4,26,2,29,6013,1,A26,2,3,1,38,0,2
2008,4,26,3,29,6013,1,A29,2,4,1,60,1,2
2008,4,26,1,29,6014,4,P16,7,6,1,33,0,1
2008,4,26,2,29,6014,4,P5,3,2,1,23,0,1
2008,4,26,3,29,6014,4,P32,3,5,2,43,1,2
2008,4,26,4,29,6014,2,B9,1,3,1,48,0,1
2008,4,26,5,29,6014,2,B6,2,2,1,52,1,1
2008,4,26,6,29,6014,2,B4,10,2,1,52,1,1
2008,4,26,7,29,6014,2,B34,2,6,1,48,0,2
2008,4,26,8,29,6014,2,B9,1,3,1,48,0,1
2008,4,26,1,29,6015,1,A6,3,2,1,43,0,1
2008,4,26,2,29,6015,1,A7,3,3,1,43,0,1
2008,4,26,3,29,6015,1,A9,3,3,1,82,1,1
2008,4,26,4,29,6015,1,A10,3,4,1,38,0,1
2008,4,26,5,29,6015,1,A15,14,5,2,33,0,1
2008,4,26,6,29,6015,1,A17,2,6,1,62,1,1
2008,4,26,7,29,6015,3,C29,6,4,2,52,1,2
2008,4,26,8,29,6015,2,B11,2,4,1,43,0,1
2008,4,26,9,29,6015,2,B23,7,2,1,38,0,2
2008,4,26,10,29,6015,4,P33,9,5,1,43,1,2
2008,4,26,11,29,6015,4,P34,9,6,2,48,1,2
2008,4,26,1,29,6016,4,P1,3,1,1,38,1,1
2008,4,26,1,29,6017,4,P49,14,5,1,33,0,3
2008,4,26,2,29,6017,2,B11,2,4,1,43,0,1
2008,4,26,3,29,6017,2,B10,2,4,1,67,1,1
2008,4,26,4,29,6017,3,C15,6,5,1,33,0,1
2008,4,26,1,29,6018,1,A12,2,4,1,38,0,1
2008,4,26,2,29,6018,1,A17,2,6,1,62,1,1
2008,4,26,3,29,6018,1,A32,2,5,1,38,0,2
2008,4,26,1,9,6019,3,C11,7,4,1,33,0,1
2008,4,26,1,9,6020,1,A12,2,4,1,38,0,1
2008,4,26,2,9,6020,1,A17,2,6,1,62,1,1
2008,4,26,3,9,6020,1,A32,2,5,1,38,0,2
2008,4,26,4,9,6020,1,A34,2,6,1,38,0,2
2008,4,26,5,9,6020,1,A21,1,1,1,62,1,2
2008,4,26,6,9,6020,1,A20,2,1,2,38,0,2
2008,4,26,7,9,6020,1,A27,3,3,1,55,1,2
2008,4,26,8,9,6020,1,A30,6,4,1,38,0,2
2008,4,26,9,9,6020,1,A37,2,1,1,62,1,3
2008,4,26,10,9,6020,1,A39,4,1,1,38,0,3
2008,4,26,11,9,6020,1,A43,2,3,1,62,1,3
2008,4,26,12,9,6020,1,A17,2,6,1,62,1,1
2008,4,26,13,9,6020,1,A8,3,3,1,62,1,1
2008,4,26,14,9,6020,1,A9,3,3,1,82,1,1
2008,4,26,15,9,6020,1,A5,3,2,1,43,0,1
2008,4,26,16,9,6020,1,A3,3,1,1,72,1,1
2008,4,26,17,9,6020,1,A5,3,2,1,43,0,1
2008,4,26,18,9,6020,1,A9,3,3,1,82,1,1
2008,4,26,19,9,6020,1,A8,3,3,1,62,1,1
2008,4,26,20,9,6020,1,A17,2,6,1,62,1,1
2008,4,26,1,29,6021,2,B4,10,2,1,52,1,1
2008,4,26,2,29,6021,2,B13,12,5,2,62,1,1
2008,4,26,3,29,6021,2,B1,4,1,1,57,1,1
2008,4,26,4,29,6021,3,C11,7,4,1,33,0,1
2008,4,26,5,29,6021,3,C13,9,5,1,48,1,1
2008,4,26,6,29,6021,4,P16,7,6,1,33,0,1
2008,4,26,1,29,6022,4,P1,3,1,1,38,1,1
2008,4,26,2,29,6022,4,P14,2,5,2,38,1,1
2008,4,26,3,29,6022,4,P12,4,4,1,33,0,1
2008,4,26,4,29,6022,3,C18,9,6,1,48,1,1
2008,4,26,1,29,6023,4,P6,2,2,1,43,1,1
2008,4,26,1,29,6024,4,P4,4,2,1,38,1,1
2008,4,26,2,29,6024,1,A11,3,4,1,62,1,1
2008,4,26,3,29,6024,1,A10,3,4,1,38,0,1
2008,4,26,4,29,6024,1,A9,3,3,1,82,1,1
2008,4,26,5,29,6024,1,A17,2,6,1,62,1,1
2008,4,26,1,29,6025,2,B2,3,1,2,57,1,1
2008,4,26,2,29,6025,2,B4,10,2,1,52,1,1
2008,4,26,3,29,6025,1,A23,6,2,2,33,0,2
2008,4,26,4,29,6025,1,A33,1,5,1,38,0,2
2008,4,26,1,27,6026,1,A15,14,5,2,33,0,1
2008,4,26,2,27,6026,1,A31,6,5,2,62,1,2
2008,4,26,3,27,6026,2,B4,10,2,1,52,1,1
2008,4,26,4,27,6026,2,B3,12,1,1,52,1,1
2008,4,26,5,27,6026,2,B9,1,3,1,48,0,1
2008,4,26,6,27,6026,2,B22,2,2,1,67,1,2
2008,4,26,7,27,6026,2,B34,2,6,1,48,0,2
2008,4,26,8,27,6026,3,C8,2,3,2,48,1,1
2008,4,26,9,27,6026,3,C12,14,4,1,43,1,1
2008,4,26,10,27,6026,3,C19,12,1,1,48,1,2
2008,4,26,11,27,6026,3,C28,2,4,2,48,1,2
2008,4,26,12,27,6026,3,C54,14,6,1,57,1,3
2008,4,26,13,27,6026,4,P18,2,6,1,28,0,1
2008,4,26,1,29,6027,4,P14,2,5,2,38,1,1
2008,4,26,2,29,6027,4,P16,7,6,1,33,0,1
2008,4,26,3,29,6027,3,C7,13,3,1,48,1,1
2008,4,26,4,29,6027,3,C12,14,4,1,43,1,1
2008,4,26,5,29,6027,3,C12,14,4,1,43,1,1
2008,4,26,6,29,6027,1,A11,3,4,1,62,1,1
2008,4,26,7,29,6027,1,A11,3,4,1,62,1,1
2008,4,26,8,29,6027,2,B26,13,3,1,57,1,2
2008,4,26,9,29,6027,2,B26,13,3,1,57,1,2
2008,4,26,10,29,6027,2,B22,2,2,1,67,1,2
2008,4,26,11,29,6027,2,B22,2,2,1,67,1,2
2008,4,26,12,29,6027,4,P1,3,1,1,38,1,1
2008,4,26,13,29,6027,4,P1,3,1,1,38,1,1
2008,4,26,14,29,6027,4,P9,4,3,2,23,0,1
2008,4,26,1,29,6028,3,C17,14,6,1,48,1,1
2008,4,26,2,29,6028,3,C7,13,3,1,48,1,1
2008,4,26,3,29,6028,1,A19,12,1,2,33,0,2
2008,4,26,4,29,6028,1,A30,6,4,1,38,0,2
2008,4,26,5,29,6028,4,P39,14,1,1,43,1,3
2008,4,26,6,29,6028,4,P53,2,6,2,38,1,3
2008,4,26,7,29,6028,3,C13,9,5,1,48,1,1
2008,4,26,1,29,6029,4,P16,7,6,1,33,0,1
2008,4,26,1,29,6030,2,B13,12,5,2,62,1,1
2008,4,26,2,29,6030,2,B27,2,3,1,57,1,2
2008,4,27,1,29,6126,3,C17,14,6,1,48,1,1
2008,4,27,2,29,6126,3,C3,6,1,2,23,0,1
2008,4,27,3,29,6126,3,C2,12,1,1,43,1,1
2008,4,27,4,29,6126,3,C5,11,2,1,48,1,1
2008,4,27,5,29,6126,3,C53,14,6,1,38,0,3
2008,4,27,6,29,6126,3,C22,11,2,2,43,1,2
2008,4,27,7,29,6126,3,C34,7,6,1,48,1,2
2008,4,27,8,29,6126,3,C53,14,6,1,38,0,3
2008,4,27,9,29,6126,3,C17,14,6,1,48,1,1
2008,4,27,10,29,6126,3,C12,14,4,1,43,1,1
2008,4,27,11,29,6126,1,A4,3,2,2,38,0,1
2008,4,27,12,29,6126,1,A15,14,5,2,33,0,1
2008,4,27,13,29,6126,1,A15,14,5,2,33,0,1
2008,4,27,14,29,6126,1,A15,14,5,2,33,0,1
2008,4,27,15,29,6126,1,A28,1,4,2,43,0,2
2008,4,27,16,29,6126,1,A31,6,5,2,62,1,2
2008,4,27,1,9,6127,1,A15,14,5,2,33,0,1
2008,4,27,2,9,6127,1,A11,3,4,1,62,1,1
2008,4,27,3,9,6127,1,A11,3,4,1,62,1,1
2008,4,27,1,29,6128,1,A10,3,4,1,38,0,1
2008,4,27,2,29,6128,1,A7,3,3,1,43,0,1
2008,4,27,3,29,6128,1,A8,3,3,1,62,1,1
2008,4,27,4,29,6128,1,A37,2,1,1,62,1,3
2008,4,27,5,29,6128,2,B10,2,4,1,67,1,1
2008,4,27,6,29,6128,2,B15,9,5,1,38,0,1
2008,4,27,7,29,6128,4,P1,3,1,1,38,1,1
2008,4,27,1,9,6129,1,A10,3,4,1,38,0,1
2008,4,27,2,9,6129,1,A9,3,3,1,82,1,1
2008,4,27,3,9,6129,1,A11,3,4,1,62,1,1
2008,4,27,4,9,6129,1,A17,2,6,1,62,1,1
2008,4,27,5,9,6129,1,A3,3,1,1,72,1,1
2008,4,27,6,9,6129,1,A31,6,5,2,62,1,2
2008,4,27,7,9,6129,1,A31,6,5,2,62,1,2
2008,4,27,1,42,6130,1,A2,3,1,1,43,0,1
2008,4,27,2,42,6130,1,A5,3,2,1,43,0,1
2008,4,27,3,42,6130,1,A21,1,1,1,62,1,2
2008,4,27,4,42,6130,1,A39,4,1,1,38,0,3
2008,4,27,5,42,6130,2,B10,2,4,1,67,1,1
2008,4,27,6,42,6130,2,B21,12,1,1,67,1,2
2008,4,27,7,42,6130,2,B22,2,2,1,67,1,2
2008,4,27,8,42,6130,2,B24,11,2,1,57,1,2
2008,4,27,9,42,6130,2,B23,7,2,1,38,0,2
2008,4,27,10,42,6130,2,B27,2,3,1,57,1,2
2008,4,27,11,42,6130,2,B26,13,3,1,57,1,2
2008,4,27,12,42,6130,2,B31,9,5,1,57,1,2
2008,4,27,13,42,6130,2,B13,12,5,2,62,1,1
2008,4,28,1,10,6283,1,A11,3,4,1,62,1,1
2008,4,28,1,29,6284,2,B34,2,6,1,48,0,2
2008,4,28,2,29,6284,2,B29,2,4,1,62,1,2
2008,4,28,3,29,6284,1,A1,8,1,1,28,0,1
2008,4,28,4,29,6284,1,A5,3,2,1,43,0,1
2008,4,28,5,29,6284,1,A15,14,5,2,33,0,1
2008,4,28,6,29,6284,3,C18,9,6,1,48,1,1
2008,4,28,7,29,6284,3,C21,14,1,1,57,1,2
2008,4,28,8,29,6284,3,C30,2,4,2,28,0,2
2008,4,28,9,29,6284,4,P4,4,2,1,38,1,1
2008,4,28,1,29,6285,1,A25,1,3,1,38,0,2
2008,4,28,2,29,6285,1,A28,1,4,2,43,0,2
2008,4,28,3,29,6285,1,A31,6,5,2,62,1,2
2008,4,28,4,29,6285,1,A26,2,3,1,38,0,2
2008,4,28,5,29,6285,1,A29,2,4,1,60,1,2
2008,4,28,6,29,6285,1,A41,4,2,1,43,0,3
2008,4,28,7,29,6285,4,P16,7,6,1,33,0,1
2008,4,28,8,29,6285,4,P6,2,2,1,43,1,1
2008,4,28,9,29,6285,4,P48,9,4,2,33,0,3
2008,4,28,10,29,6285,4,P6,2,2,1,43,1,1
2008,4,28,11,29,6285,1,A28,1,4,2,43,0,2
2008,4,28,1,16,6286,2,B23,7,2,1,38,0,2
2008,4,28,2,16,6286,2,B24,11,2,1,57,1,2
2008,4,28,3,16,6286,3,C2,12,1,1,43,1,1
2008,4,28,1,29,6287,4,P46,14,4,1,28,0,3
2008,4,28,2,29,6287,4,P61,1,3,2,28,0,4
2008,4,28,3,29,6287,4,P73,11,1,2,33,0,5
2008,4,28,4,29,6287,2,B17,6,6,2,38,0,1
2008,4,28,5,29,6287,2,B10,2,4,1,67,1,1
2008,4,28,6,29,6287,2,B33,6,5,2,33,0,2
2008,4,28,7,29,6287,1,A31,6,5,2,62,1,2
2008,4,28,8,29,6287,1,A41,4,2,1,43,0,3
2008,4,28,9,29,6287,3,C3,6,1,2,23,0,1
2008,4,28,10,29,6287,3,C26,14,3,1,28,0,2
2008,4,28,11,29,6287,3,C27,11,3,1,48,1,2
2008,4,28,12,29,6287,3,C33,14,5,1,48,1,2
2008,4,28,13,29,6287,3,C40,14,2,2,28,0,3
2008,4,28,14,29,6287,3,C56,6,1,2,57,1,4
2008,4,28,1,9,6288,1,A15,14,5,2,33,0,1
2008,4,28,1,9,6289,1,A33,1,5,1,38,0,2
2008,4,28,2,9,6289,1,A34,2,6,1,38,0,2
2008,4,28,3,9,6289,1,A5,3,2,1,43,0,1
2008,4,28,1,24,6290,2,B10,2,4,1,67,1,1
2008,4,28,2,24,6290,2,B13,12,5,2,62,1,1
2008,4,28,1,29,6291,1,A13,1,5,1,28,0,1
2008,4,28,2,29,6291,1,A18,4,6,1,38,0,1
2008,4,28,3,29,6291,1,A10,3,4,1,38,0,1
2008,4,28,4,29,6291,3,C15,6,5,1,33,0,1
2008,4,28,5,29,6291,1,A21,1,1,1,62,1,2
2008,4,28,6,29,6291,1,A41,4,2,1,43,0,3
2008,4,28,7,29,6291,1,A22,4,2,1,62,1,2
2008,4,28,8,29,6291,1,A31,6,5,2,62,1,2
2008,4,28,9,29,6291,1,A23,6,2,2,33,0,2
2008,4,28,10,29,6291,3,C36,14,6,1,43,1,2
2008,4,28,1,29,6292,3,C24,12,2,1,33,0,2
2008,4,29,1,29,6510,3,C33,14,5,1,48,1,2
2008,4,29,2,29,6510,3,C21,14,1,1,57,1,2
2008,4,29,3,29,6510,3,C21,14,1,1,57,1,2
2008,4,29,4,29,6510,3,C28,2,4,2,48,1,2
2008,4,29,5,29,6510,3,C54,14,6,1,57,1,3
2008,4,29,1,29,6511,1,A2,3,1,1,43,0,1
2008,4,29,2,29,6511,1,A2,3,1,1,43,0,1
2008,4,29,3,29,6511,1,A6,3,2,1,43,0,1
2008,4,29,4,29,6511,1,A9,3,3,1,82,1,1
2008,4,29,5,29,6511,1,A9,3,3,1,82,1,1
2008,4,29,6,29,6511,1,A5,3,2,1,43,0,1
2008,4,29,7,29,6511,1,A7,3,3,1,43,0,1
2008,4,29,8,29,6511,3,C29,6,4,2,52,1,2
2008,4,29,9,29,6511,3,C29,6,4,2,52,1,2
2008,4,29,10,29,6511,3,C56,6,1,2,57,1,4
2008,4,29,1,29,6512,2,B2,3,1,2,57,1,1
2008,4,29,2,29,6512,2,B20,8,1,1,43,0,2
2008,4,29,3,29,6512,2,B21,12,1,1,67,1,2
2008,4,29,4,29,6512,2,B23,7,2,1,38,0,2
2008,4,29,5,29,6512,2,B26,13,3,1,57,1,2
2008,4,29,6,29,6512,1,A14,3,5,1,60,1,1
2008,4,29,7,29,6512,1,A9,3,3,1,82,1,1
2008,4,29,8,29,6512,1,A3,3,1,1,72,1,1
2008,4,29,1,29,6513,2,B10,2,4,1,67,1,1
2008,4,29,2,29,6513,2,B11,2,4,1,43,0,1
2008,4,29,3,29,6513,2,B13,12,5,2,62,1,1
2008,4,29,4,29,6513,2,B14,2,5,1,62,1,1
2008,4,29,5,29,6513,2,B15,9,5,1,38,0,1
2008,4,29,6,29,6513,4,P1,3,1,1,38,1,1
2008,4,29,7,29,6513,4,P3,2,1,1,48,1,1
2008,4,29,8,29,6513,4,P15,4,5,2,38,1,1
2008,4,29,1,29,6514,2,B23,7,2,1,38,0,2
2008,4,29,2,29,6514,2,B31,9,5,1,57,1,2
2008,4,29,3,29,6514,2,B32,6,5,1,38,0,2
2008,4,29,4,29,6514,2,B13,12,5,2,62,1,1
2008,4,29,5,29,6514,3,C36,14,6,1,43,1,2
2008,4,29,6,29,6514,3,C30,2,4,2,28,0,2
2008,4,29,7,29,6514,3,C34,7,6,1,48,1,2
2008,4,29,8,29,6514,3,C49,4,5,2,26,0,3
2008,4,29,9,29,6514,3,C40,14,2,2,28,0,3
2008,4,29,10,29,6514,3,C42,7,2,1,28,0,3
2008,4,29,11,29,6514,3,C35,9,6,1,50,1,2
2008,4,29,12,29,6514,3,C10,9,4,2,28,0,1
2008,4,29,13,29,6514,3,C4,4,2,1,48,1,1
2008,4,29,1,9,6515,1,A13,1,5,1,28,0,1
2008,4,29,2,9,6515,1,A14,3,5,1,60,1,1
2008,4,29,3,9,6515,1,A32,2,5,1,38,0,2
2008,4,29,4,9,6515,1,A42,6,2,1,28,0,3
2008,4,29,5,9,6515,1,A2,3,1,1,43,0,1
2008,4,29,6,9,6515,1,A11,3,4,1,62,1,1
2008,4,29,1,29,6516,2,B6,2,2,1,52,1,1
2008,4,29,2,29,6516,2,B31,9,5,1,57,1,2
2008,4,29,3,29,6516,2,B34,2,6,1,48,0,2
2008,4,29,4,29,6516,3,C14,9,5,1,23,0,1
2008,4,29,5,29,6516,3,C6,6,2,1,33,0,1
2008,4,29,6,29,6516,3,C51,6,5,1,20,0,3
2008,4,29,1,29,6517,3,C34,7,6,1,48,1,2
2008,4,29,1,29,6518,4,P57,4,1,1,43,1,4
2008,4,29,2,29,6518,4,P16,7,6,1,33,0,1
2008,4,29,3,29,6518,2,B15,9,5,1,38,0,1
2008,4,29,4,29,6518,2,B23,7,2,1,38,0,2
2008,4,29,5,29,6518,4,P48,9,4,2,33,0,3
2008,4,29,6,29,6518,4,P38,9,1,1,33,0,3
2008,4,29,7,29,6518,4,P16,7,6,1,33,0,1
2008,4,29,1,9,6519,3,C5,11,2,1,48,1,1
2008,4,29,2,9,6519,3,C14,9,5,1,23,0,1
2008,4,29,3,9,6519,3,C56,6,1,2,57,1,4
2008,4,29,4,9,6519,2,B24,11,2,1,57,1,2
2008,4,29,5,9,6519,2,B31,9,5,1,57,1,2
2008,4,29,6,9,6519,3,C56,6,1,2,57,1,4
2008,4,29,1,9,6520,1,A11,3,4,1,62,1,1
2008,4,29,2,9,6520,1,A1,8,1,1,28,0,1
2008,4,29,3,9,6520,1,A2,3,1,1,43,0,1
2008,4,29,4,9,6520,1,A3,3,1,1,72,1,1
2008,4,29,5,9,6520,1,A5,3,2,1,43,0,1
2008,4,29,6,9,6520,1,A6,3,2,1,43,0,1
2008,4,30,1,29,6740,1,A4,3,2,2,38,0,1
2008,4,30,2,29,6740,3,C40,14,2,2,28,0,3
2008,4,30,1,29,6741,2,B17,6,6,2,38,0,1
2008,4,30,2,29,6741,2,B10,2,4,1,67,1,1
2008,4,30,1,21,6742,1,A11,3,4,1,62,1,1
2008,4,30,2,21,6742,1,A5,3,2,1,43,0,1
2008,4,30,3,21,6742,1,A8,3,3,1,62,1,1
2008,4,30,4,21,6742,1,A21,1,1,1,62,1,2
2008,4,30,1,29,6743,4,P23,6,2,2,28,0,2
2008,4,30,2,29,6743,4,P71,2,6,2,33,0,4
2008,4,30,3,29,6743,4,P70,6,6,2,38,1,4
2008,4,30,4,29,6743,4,P82,6,4,2,48,1,5
2008,4,30,5,29,6743,1,A7,3,3,1,43,0,1
2008,4,30,6,29,6743,1,A14,3,5,1,60,1,1
2008,4,30,7,29,6743,1,A13,1,5,1,28,0,1
2008,4,30,8,29,6743,1,A17,2,6,1,62,1,1
2008,4,30,9,29,6743,1,A21,1,1,1,62,1,2
2008,4,30,10,29,6743,1,A39,4,1,1,38,0,3
2008,4,30,11,29,6743,2,B25,6,3,1,38,0,2
2008,4,30,12,29,6743,3,C40,14,2,2,28,0,3
2008,4,30,13,29,6743,3,C40,14,2,2,28,0,3
2008,4,30,14,29,6743,1,A39,4,1,1,38,0,3
2008,4,30,1,29,6744,3,C34,7,6,1,48,1,2
2008,4,30,2,29,6744,3,C34,7,6,1,48,1,2
2008,4,30,1,9,6745,2,B10,2,4,1,67,1,1
2008,4,30,2,9,6745,2,B13,12,5,2,62,1,1
2008,4,30,3,9,6745,2,B32,6,5,1,38,0,2
2008,4,30,4,9,6745,2,B31,9,5,1,57,1,2
2008,4,30,5,9,6745,2,B26,13,3,1,57,1,2
2008,4,30,1,16,6746,2,B3,12,1,1,52,1,1
2008,4,30,2,16,6746,1,A13,1,5,1,28,0,1
2008,4,30,3,16,6746,1,A18,4,6,1,38,0,1
2008,4,30,4,16,6746,1,A40,4,2,2,38,0,3
2008,4,30,5,16,6746,3,C5,11,2,1,48,1,1
2008,4,30,6,16,6746,3,C9,6,3,1,48,1,1
2008,4,30,1,46,6747,3,C56,6,1,2,57,1,4
2008,4,30,2,46,6747,1,A13,1,5,1,28,0,1
2008,4,30,3,46,6747,1,A11,3,4,1,62,1,1
2008,4,30,4,46,6747,1,A8,3,3,1,62,1,1
2008,4,30,5,46,6747,1,A2,3,1,1,43,0,1
2008,4,30,6,46,6747,1,A17,2,6,1,62,1,1
2008,4,30,1,29,6748,2,B24,11,2,1,57,1,2
2008,4,30,2,29,6748,2,B26,13,3,1,57,1,2
2008,4,30,3,29,6748,1,A43,2,3,1,62,1,3
2008,4,30,4,29,6748,3,C7,13,3,1,48,1,1
2008,4,30,5,29,6748,4,P21,4,1,1,33,0,2
2008,4,30,1,29,6749,4,P11,4,4,2,38,1,1
2008,4,30,2,29,6749,4,P11,4,4,2,38,1,1
2008,4,30,1,29,6750,1,A4,3,2,2,38,0,1
